report_id,report_date,carat_weight,color_grade,clarity_grade,polish_grade,proportions_grade,symmetry_grade,cut_grade,fluorescence_grade,stone_origin,expert_id,evaluation_time_min,report_notes_length,report_sentiment,price,is_investment_grade,is_report_rejected,is_sold,days_on_market,sale_date
DR-00001,2025-01-17,0.83,5,6,1,1,1,1,1,1,4,95,68,0,5361.0,0,0,1,89,2025-04-16
DR-00002,2023-07-09,1.17,6,5,3,4,2,4,1,3,3,30,26,0,6405.0,0,0,1,75,2023-09-22
DR-00003,2023-10-13,0.47,4,3,4,4,2,4,4,1,4,62,39,1,2804.0,0,0,1,97,2024-01-18
DR-00004,2024-05-23,0.39,2,7,4,2,4,4,1,3,4,108,53,0,955.0,0,0,1,1,2024-05-24
DR-00005,2023-02-08,0.76,4,1,1,2,2,2,1,1,1,118,58,1,12720.0,0,0,1,17,2023-02-25
DR-00006,2024-03-09,0.63,2,7,1,1,2,2,2,1,5,94,40,1,3223.0,0,0,1,92,2024-06-09
DR-00007,2025-11-02,0.94,4,4,2,3,1,3,2,1,4,17,87,1,9247.0,0,0,1,28,2025-11-30
DR-00008,2023-08-29,1.02,4,6,2,2,1,2,2,0,3,76,37,0,7055.0,0,0,1,54,2023-10-22
DR-00009,2024-07-04,0.57,4,4,1,3,3,3,2,1,2,62,46,0,3982.0,0,0,1,60,2024-09-02
DR-00010,2024-04-21,0.77,2,7,2,2,3,3,1,1,2,35,97,0,3685.0,0,0,0,619,
DR-00011,2023-06-24,0.75,9,6,3,1,1,3,4,1,1,110,7,0,1799.0,0,0,1,81,2023-09-13
DR-00012,2024-06-08,0.8,4,2,2,1,2,2,3,2,1,40,86,1,11170.0,0,0,1,80,2024-08-27
DR-00013,2025-07-16,1.61,6,4,1,2,1,2,2,1,5,117,96,0,19433.0,0,0,1,71,2025-09-25
DR-00014,2023-06-14,0.54,4,8,2,2,1,2,1,1,2,22,45,-1,1433.0,0,0,1,66,2023-08-19
DR-00015,2023-08-10,0.38,5,4,2,1,3,3,4,1,5,17,93,0,1707.0,0,1,1,64,2023-10-13
DR-00016,2023-09-27,0.79,1,6,1,2,2,2,1,3,3,90,96,0,6378.0,0,0,0,826,
DR-00017,2023-09-27,1.47,6,1,2,3,2,3,1,1,1,18,58,0,21987.0,0,0,0,826,
DR-00018,2024-07-23,0.99,7,6,1,1,2,2,3,3,3,88,34,1,4394.0,0,0,0,526,
DR-00019,2024-12-11,0.89,1,2,1,1,1,1,1,1,1,115,89,1,25461.0,0,0,1,6,2024-12-17
DR-00020,2025-02-13,1.15,7,4,2,3,3,3,1,1,1,18,88,-1,7947.0,0,0,1,47,2025-04-01
DR-00021,2023-11-05,1.28,9,3,4,2,3,4,4,1,5,113,45,0,7191.0,0,1,0,787,
DR-00022,2025-07-09,0.91,1,2,2,1,2,2,2,1,3,94,30,0,20644.0,0,0,0,175,
DR-00023,2023-09-06,0.89,7,7,2,2,1,2,4,2,5,21,91,0,2699.0,0,0,1,104,2023-12-19
DR-00024,2025-02-22,0.64,3,2,2,2,2,2,1,2,2,20,86,0,8901.0,0,0,1,51,2025-04-14
DR-00025,2024-09-13,0.71,4,3,3,3,3,3,1,3,2,104,17,-1,6811.0,0,0,0,474,
DR-00026,2023-03-01,1.08,2,3,2,1,2,2,1,1,2,67,64,1,21796.0,1,0,1,1,2023-03-02
DR-00027,2025-01-30,0.68,4,6,1,4,2,4,2,1,5,49,74,-1,2213.0,0,0,1,17,2025-02-16
DR-00028,2025-09-13,1.37,7,7,2,4,1,4,3,1,1,71,16,0,4120.0,0,0,1,85,2025-12-07
DR-00029,2023-02-24,0.55,4,5,3,4,1,4,1,0,5,102,52,0,2428.0,0,0,1,138,2023-07-12
DR-00030,2024-06-14,0.8,4,4,3,3,3,3,3,1,4,102,65,-1,6582.0,0,0,1,33,2024-07-17
DR-00031,2023-05-18,1.44,5,8,1,2,3,3,1,1,3,97,84,1,5444.0,0,0,0,958,
DR-00032,2025-07-09,0.7,5,9,1,4,4,4,1,1,3,34,83,1,849.0,0,0,0,175,
DR-00033,2025-04-09,0.59,5,6,1,1,3,3,2,1,2,92,41,1,1871.0,0,0,1,80,2025-06-28
DR-00034,2025-02-14,0.83,3,2,2,2,2,2,2,0,5,70,80,0,13393.0,0,0,1,27,2025-03-13
DR-00035,2025-09-15,0.73,3,4,3,2,2,3,1,1,2,101,34,1,7038.0,0,0,1,64,2025-11-18
DR-00036,2023-05-01,0.45,8,4,1,1,1,1,2,1,1,65,93,0,2226.0,0,0,1,106,2023-08-15
DR-00037,2023-11-28,2.29,7,4,1,2,1,2,2,1,2,72,52,0,32649.0,0,0,1,60,2024-01-27
DR-00038,2023-02-12,0.71,6,4,2,2,4,4,3,2,2,16,26,0,3252.0,0,0,1,116,2023-06-08
DR-00039,2023-08-31,0.73,5,4,2,2,2,2,1,0,3,66,89,0,5781.0,0,0,1,14,2023-09-14
DR-00040,2025-04-05,0.83,5,3,4,2,2,4,1,3,4,96,27,0,5901.0,0,0,1,96,2025-07-10
DR-00041,2023-02-11,0.44,3,6,2,4,2,4,1,1,3,59,59,0,1255.0,0,0,1,91,2023-05-13
DR-00042,2024-09-07,0.84,2,2,1,3,2,3,1,1,4,96,29,1,12795.0,0,0,1,38,2024-10-15
DR-00043,2023-10-05,1.16,6,6,1,3,1,3,2,2,5,80,29,0,5161.0,0,1,1,106,2024-01-19
DR-00044,2025-12-19,1.05,7,4,3,2,4,4,2,3,5,15,48,0,5636.0,0,0,1,94,2026-03-23
DR-00045,2025-07-20,0.52,4,7,2,2,2,2,2,1,4,63,71,0,1702.0,0,0,1,70,2025-09-28
DR-00046,2024-05-01,0.32,3,2,3,3,1,3,1,1,5,99,60,0,2287.0,0,0,1,17,2024-05-18
DR-00047,2024-09-04,0.65,10,1,2,1,2,2,1,0,1,99,48,1,3531.0,0,0,0,483,
DR-00048,2025-06-07,0.6,3,4,2,2,3,3,3,1,3,93,46,0,4901.0,0,0,1,5,2025-06-12
DR-00049,2024-04-28,1.0,1,3,4,2,2,4,1,3,4,73,88,1,14632.0,0,0,1,100,2024-08-06
DR-00050,2023-09-19,0.55,5,1,2,3,4,4,1,0,2,39,79,0,4030.0,0,0,0,834,
DR-00051,2023-01-31,0.75,5,4,2,1,3,3,1,1,1,65,53,-1,5346.0,0,0,1,50,2023-03-22
DR-00052,2024-08-05,0.58,4,5,1,1,2,2,1,3,3,71,35,0,3942.0,0,0,1,39,2024-09-13
DR-00053,2024-02-06,1.25,8,4,2,2,3,3,3,3,2,22,90,0,8435.0,0,0,1,107,2024-05-23
DR-00054,2023-12-13,0.83,7,4,3,2,3,3,1,1,1,106,28,1,4499.0,0,0,1,52,2024-02-03
DR-00055,2025-04-25,0.44,6,2,2,3,2,3,1,1,4,106,90,0,2511.0,0,0,0,250,
DR-00056,2023-05-08,0.93,5,5,2,2,2,2,4,1,4,15,77,0,7806.0,0,0,0,968,
DR-00057,2025-11-19,1.43,5,7,2,2,1,2,1,1,2,109,73,0,8720.0,0,0,1,109,2026-03-08
DR-00058,2024-06-21,0.59,6,7,2,1,4,4,2,1,4,50,79,-1,1017.0,0,0,1,145,2024-11-13
DR-00059,2023-07-05,1.14,9,5,3,2,1,3,3,1,3,75,47,0,5439.0,0,0,1,52,2023-08-26
DR-00060,2023-01-05,0.82,6,3,1,4,1,4,1,1,3,118,63,0,5249.0,0,0,1,54,2023-02-28
DR-00061,2025-12-01,0.82,4,4,2,1,2,2,1,1,2,110,75,0,9038.0,0,0,1,64,2026-02-03
DR-00062,2024-05-25,0.71,3,5,2,1,1,2,1,1,1,35,71,0,6387.0,0,0,1,37,2024-07-01
DR-00063,2023-07-26,0.85,3,2,2,3,2,3,1,1,5,89,61,-1,12365.0,0,0,0,889,
DR-00064,2025-09-17,1.65,6,4,2,2,4,4,2,1,4,72,79,0,13791.0,0,0,0,105,
DR-00065,2025-01-15,0.89,5,2,2,1,3,3,2,1,3,51,64,0,10279.0,0,0,1,77,2025-04-02
DR-00066,2024-04-07,0.92,5,2,2,2,2,2,4,3,2,18,56,0,12374.0,0,0,1,56,2024-06-02
DR-00067,2024-09-13,0.41,3,5,2,4,1,4,2,3,3,78,76,0,1676.0,0,0,1,46,2024-10-29
DR-00068,2025-12-26,0.78,3,9,3,1,2,3,3,1,3,66,7,0,1679.0,0,0,1,94,2026-03-30
DR-00069,2025-01-24,0.48,6,2,1,4,1,4,2,1,4,71,23,0,2232.0,0,0,0,341,
DR-00070,2025-08-01,0.68,4,5,2,2,2,2,4,3,1,70,29,0,5172.0,0,0,1,35,2025-09-05
DR-00071,2024-04-08,0.8,5,5,2,4,2,4,1,1,3,65,92,1,3819.0,0,0,1,111,2024-07-28
DR-00072,2024-12-12,0.81,3,2,2,1,2,2,3,1,5,39,45,1,13643.0,0,0,0,384,
DR-00073,2025-10-19,0.28,4,4,2,1,2,2,1,1,1,101,72,0,1345.0,0,0,1,1,2025-10-20
DR-00074,2025-04-07,1.71,2,8,1,2,3,3,2,1,1,45,76,1,10928.0,0,0,0,268,
DR-00075,2023-09-28,0.47,6,4,2,3,2,3,2,1,2,28,30,0,1985.0,0,0,1,15,2023-10-13
DR-00076,2024-06-13,0.82,7,5,1,3,4,4,4,1,5,25,42,0,2990.0,0,0,0,566,
DR-00077,2025-08-18,0.53,3,3,2,2,4,4,2,1,3,65,65,-1,3742.0,0,0,0,135,
DR-00078,2023-11-10,0.88,2,8,2,1,1,2,2,1,1,118,70,0,4138.0,0,0,0,782,
DR-00079,2023-02-25,0.5,5,4,4,2,4,4,2,1,2,64,47,0,2080.0,0,0,1,61,2023-04-27
DR-00080,2025-08-18,1.43,2,4,1,2,4,4,1,3,4,88,28,0,19259.0,0,0,1,92,2025-11-18
DR-00081,2024-03-26,0.67,7,5,3,3,2,3,2,3,3,76,28,0,2753.0,0,0,0,645,
DR-00082,2023-10-06,0.46,3,4,2,1,1,2,1,1,5,60,99,0,3811.0,0,1,1,66,2023-12-11
DR-00083,2024-10-23,0.74,6,4,2,2,2,2,2,1,4,93,76,-1,5299.0,0,0,0,434,
DR-00084,2023-03-26,0.69,1,10,2,1,2,2,1,0,3,51,24,0,1058.0,0,0,0,1011,
DR-00085,2024-10-04,1.48,2,5,2,1,2,2,2,1,4,26,59,-1,24195.0,1,0,1,39,2024-11-12
DR-00086,2025-09-10,1.49,7,5,2,4,2,4,1,3,1,119,55,0,8654.0,0,0,1,48,2025-10-28
DR-00087,2023-12-10,1.34,3,5,2,2,3,3,2,0,1,17,15,1,15013.0,0,0,1,126,2024-04-14
DR-00088,2025-02-19,1.27,2,5,2,3,3,3,2,1,2,64,64,0,15831.0,0,0,0,315,
DR-00089,2023-02-15,1.2,2,6,1,1,4,4,3,3,4,107,99,0,7652.0,0,0,1,74,2023-04-30
DR-00090,2025-11-07,1.09,3,5,4,3,1,4,1,3,2,74,20,1,8594.0,0,0,1,66,2026-01-12
DR-00091,2025-06-03,0.63,4,4,2,2,2,2,3,1,4,94,46,1,5635.0,0,0,1,57,2025-07-30
DR-00092,2024-02-01,1.47,2,5,2,1,3,3,2,3,5,52,39,0,19831.0,0,0,0,699,
DR-00093,2023-04-08,1.08,5,3,1,2,4,4,1,1,4,19,97,0,9311.0,0,0,0,998,
DR-00094,2023-11-03,1.38,6,5,3,2,3,3,2,1,5,63,41,1,10635.0,0,1,1,42,2023-12-15
DR-00095,2025-08-10,0.36,1,5,2,3,4,4,2,1,2,63,15,1,1614.0,0,0,1,57,2025-10-06
DR-00096,2025-08-18,0.63,7,5,2,2,1,2,1,1,5,85,53,0,2929.0,0,0,1,30,2025-09-17
DR-00097,2025-02-06,0.62,4,5,2,2,2,2,1,1,5,76,13,1,4452.0,0,1,1,60,2025-04-07
DR-00098,2024-09-02,0.38,4,4,4,2,3,4,1,1,2,67,84,0,1526.0,0,0,0,485,
DR-00099,2025-09-12,0.36,3,1,2,2,2,2,3,1,1,81,90,0,3903.0,0,0,0,110,
DR-00100,2025-11-10,0.33,4,1,1,3,2,3,1,3,4,83,74,1,2539.0,0,0,1,36,2025-12-16
DR-00101,2025-02-19,0.9,4,7,2,1,3,3,3,1,1,28,7,0,3930.0,0,0,1,22,2025-03-13
DR-00102,2025-06-17,0.62,7,3,1,2,4,4,2,1,1,40,95,0,2719.0,0,0,1,88,2025-09-13
DR-00103,2023-08-13,0.74,3,5,3,1,1,3,2,3,3,87,34,0,5558.0,0,0,1,6,2023-08-19
DR-00104,2025-01-30,0.59,6,1,1,1,2,2,2,1,5,49,42,0,5914.0,0,1,0,335,
DR-00105,2024-05-30,1.4,2,5,2,2,2,2,4,3,1,23,94,0,22406.0,1,0,1,58,2024-07-27
DR-00106,2023-05-24,0.68,5,2,2,2,1,2,1,1,5,92,7,-1,7301.0,0,0,0,952,
DR-00107,2023-07-25,0.69,1,7,1,1,2,2,1,1,5,20,97,0,3986.0,0,0,1,75,2023-10-08
DR-00108,2024-05-25,0.89,1,3,2,4,2,4,3,1,1,66,89,0,11883.0,0,0,1,95,2024-08-28
DR-00109,2025-02-01,1.11,4,2,1,3,2,3,2,3,2,59,51,0,16143.0,0,0,1,22,2025-02-23
DR-00110,2024-07-26,0.64,9,2,3,1,1,3,1,1,5,91,88,0,3341.0,0,0,1,64,2024-09-28
DR-00111,2024-07-13,0.87,7,6,2,2,2,2,4,3,2,28,45,1,3371.0,0,0,1,45,2024-08-27
DR-00112,2025-07-23,0.87,5,2,1,2,2,2,3,3,1,99,29,0,11693.0,0,0,1,13,2025-08-05
DR-00113,2025-03-12,1.11,5,2,2,1,3,3,1,1,3,21,66,0,14855.0,0,0,0,294,
DR-00114,2025-08-26,0.8,2,9,2,2,2,2,3,1,2,98,99,0,2386.0,0,0,1,51,2025-10-16
DR-00115,2023-04-29,0.48,3,2,2,2,2,2,1,1,3,32,27,0,5444.0,0,0,0,977,
DR-00116,2024-05-11,0.82,7,7,2,3,2,3,3,1,1,25,50,0,1963.0,0,0,1,142,2024-09-30
DR-00117,2023-04-01,0.78,1,5,1,2,1,2,2,1,3,40,67,0,9682.0,0,0,1,74,2023-06-14
DR-00118,2024-02-02,0.68,4,7,4,1,1,4,1,1,5,77,76,1,1880.0,0,0,0,698,
DR-00119,2025-05-17,0.63,6,5,2,1,1,2,2,3,4,67,21,0,3151.0,0,0,0,228,
DR-00120,2025-08-25,1.42,10,4,3,2,2,3,3,1,3,61,15,0,6215.0,0,0,0,128,
DR-00121,2024-03-27,1.33,3,2,3,2,2,3,1,1,5,15,45,-1,25672.0,0,0,1,23,2024-04-19
DR-00122,2023-03-29,0.67,6,4,3,1,4,4,2,1,2,94,41,0,2943.0,0,0,1,66,2023-06-03
DR-00123,2024-04-12,0.96,7,5,4,3,4,4,3,1,1,53,18,0,3970.0,0,0,1,42,2024-05-24
DR-00124,2025-03-26,0.76,4,4,2,1,2,2,2,3,5,112,85,1,7300.0,0,0,1,56,2025-05-21
DR-00125,2024-09-27,0.55,4,9,1,3,2,3,1,1,1,75,21,0,824.0,0,0,0,460,
DR-00126,2024-06-30,1.41,3,7,2,2,4,4,3,1,1,97,91,0,7682.0,0,0,1,66,2024-09-04
DR-00127,2025-10-14,0.34,5,6,1,4,1,4,2,0,3,95,69,1,600.0,0,0,1,50,2025-12-03
DR-00128,2024-10-31,2.22,4,4,4,1,1,4,3,1,5,86,72,0,31506.0,0,0,1,79,2025-01-18
DR-00129,2025-09-10,1.38,1,9,3,1,4,4,2,1,4,63,76,-1,4510.0,0,0,1,78,2025-11-27
DR-00130,2024-11-04,0.35,5,4,3,1,1,3,3,1,1,38,91,-1,1446.0,0,0,1,58,2025-01-01
DR-00131,2023-06-16,1.08,5,1,4,2,3,4,1,3,5,48,58,-1,13002.0,0,0,1,88,2023-09-12
DR-00132,2025-03-23,1.04,6,4,2,4,4,4,1,1,1,84,40,0,5873.0,0,0,1,134,2025-08-04
DR-00133,2023-02-21,1.02,4,3,2,2,1,2,2,3,4,116,49,-1,15569.0,1,0,1,103,2023-06-04
DR-00134,2024-06-20,0.52,3,3,2,2,4,4,2,1,1,20,41,0,3609.0,0,0,0,559,
DR-00135,2023-12-09,1.23,4,5,3,2,2,3,2,1,2,59,66,1,12502.0,0,0,1,83,2024-03-01
DR-00136,2023-06-30,1.53,5,3,2,1,1,2,1,3,4,36,59,1,25566.0,0,0,1,45,2023-08-14
DR-00137,2024-01-06,1.48,7,8,2,1,1,2,4,1,5,52,23,0,5125.0,0,0,1,66,2024-03-12
DR-00138,2025-10-10,0.63,7,10,1,1,4,4,1,1,3,116,94,-1,500.0,0,0,1,85,2026-01-03
DR-00139,2025-01-08,0.89,5,3,1,2,3,3,3,3,5,93,58,0,8400.0,0,0,1,30,2025-02-07
DR-00140,2023-12-24,0.61,8,5,1,1,1,1,3,1,5,57,44,0,3212.0,0,0,1,58,2024-02-20
DR-00141,2023-10-21,0.77,4,5,2,2,2,2,3,3,5,67,37,0,6474.0,0,0,1,20,2023-11-10
DR-00142,2023-09-20,0.81,6,1,1,2,1,2,4,1,2,64,59,0,9890.0,0,0,1,98,2023-12-27
DR-00143,2024-06-21,0.78,9,4,1,1,1,1,4,1,4,73,54,0,4793.0,0,0,1,61,2024-08-21
DR-00144,2025-09-18,0.83,10,3,1,1,2,2,3,1,1,112,81,1,3902.0,0,0,0,104,
DR-00145,2025-02-17,0.6,1,5,3,1,2,3,2,1,3,27,27,1,5282.0,0,0,0,317,
DR-00146,2025-02-14,0.65,7,8,1,2,4,4,3,1,2,89,16,0,855.0,0,0,0,320,
DR-00147,2024-04-04,1.25,3,1,2,4,1,4,2,1,1,96,50,0,21380.0,0,0,0,636,
DR-00148,2025-06-01,0.75,3,3,2,1,1,2,2,1,3,87,50,0,10505.0,0,0,1,52,2025-07-23
DR-00149,2023-03-28,0.83,4,5,2,1,3,3,1,3,2,84,73,1,6412.0,0,0,0,1009,
DR-00150,2024-12-03,0.66,4,4,2,2,1,2,2,1,3,56,19,0,6227.0,0,0,1,77,2025-02-18
DR-00151,2025-10-21,0.92,2,2,1,2,3,3,3,2,3,108,83,-1,15780.0,0,0,0,71,
DR-00152,2023-09-14,0.39,5,2,4,1,2,4,2,0,5,31,75,0,2021.0,0,0,1,75,2023-11-28
DR-00153,2023-02-15,0.43,5,3,3,2,2,3,3,3,4,112,38,0,2548.0,0,0,1,57,2023-04-13
DR-00154,2025-09-16,0.48,3,4,2,4,1,4,2,1,4,76,28,1,2651.0,0,0,1,133,2026-01-27
DR-00155,2025-07-09,0.47,5,3,1,1,1,1,4,1,2,43,69,-1,4346.0,0,0,0,175,
DR-00156,2023-04-17,0.74,5,8,3,4,2,4,2,1,5,63,89,0,1429.0,0,0,1,69,2023-06-25
DR-00157,2023-05-17,0.95,4,5,1,1,4,4,2,1,2,86,47,0,6019.0,0,0,0,959,
DR-00158,2024-08-21,0.73,5,5,1,2,2,2,3,3,1,50,93,0,5024.0,0,0,1,73,2024-11-02
DR-00159,2025-02-06,0.73,7,4,2,2,4,4,1,1,1,67,52,0,3004.0,0,0,0,328,
DR-00160,2024-01-30,0.6,5,2,3,1,4,4,4,0,2,114,89,0,4006.0,0,0,1,8,2024-02-07
DR-00161,2025-08-04,0.59,5,6,2,3,3,3,3,1,5,52,74,0,1948.0,0,0,1,137,2025-12-19
DR-00162,2024-05-18,0.54,5,2,1,1,3,3,1,3,5,58,22,-1,4025.0,0,0,1,23,2024-06-10
DR-00163,2023-05-25,0.57,4,4,2,2,1,2,1,1,1,83,43,1,4627.0,0,0,1,2,2023-05-27
DR-00164,2025-08-08,1.22,7,5,3,3,2,3,1,1,4,31,19,1,7335.0,0,0,1,101,2025-11-17
DR-00165,2024-12-25,0.43,6,1,2,1,3,3,3,3,4,85,83,0,2864.0,0,0,1,40,2025-02-03
DR-00166,2023-01-15,0.68,5,5,2,2,3,3,4,1,5,52,20,1,3624.0,0,0,1,46,2023-03-02
DR-00167,2023-05-14,0.67,5,1,3,4,1,4,1,3,1,63,56,0,6072.0,0,0,1,28,2023-06-11
DR-00168,2025-03-17,0.78,4,5,1,2,2,2,1,1,4,86,68,0,6755.0,0,0,1,24,2025-04-10
DR-00169,2024-05-29,0.83,4,7,2,1,1,2,2,1,1,20,92,0,3949.0,0,0,0,581,
DR-00170,2024-08-16,0.91,5,2,3,1,4,4,2,1,3,85,73,0,8430.0,0,0,1,113,2024-12-07
DR-00171,2023-05-05,1.06,4,7,4,3,3,4,3,1,5,65,48,1,3777.0,0,0,1,158,2023-10-10
DR-00172,2024-08-22,0.8,6,4,1,1,1,1,2,1,3,32,7,0,7300.0,0,0,0,496,
DR-00173,2024-08-14,0.54,5,4,2,2,1,2,3,3,3,74,67,0,3726.0,0,0,1,58,2024-10-11
DR-00174,2024-05-04,0.84,5,2,2,2,1,2,3,1,3,15,29,0,10491.0,0,0,0,606,
DR-00175,2024-02-27,0.51,5,3,3,1,2,3,2,3,4,65,13,0,3415.0,0,0,1,88,2024-05-25
DR-00176,2024-09-16,0.76,4,5,2,2,1,2,4,1,5,79,42,-1,6369.0,0,0,1,76,2024-12-01
DR-00177,2023-07-05,0.84,5,5,1,1,2,2,2,1,1,115,94,0,6500.0,0,0,1,20,2023-07-25
DR-00178,2024-11-04,0.5,5,4,2,2,2,2,3,3,1,111,89,1,3106.0,0,0,1,82,2025-01-25
DR-00179,2025-04-03,0.97,6,3,4,4,2,4,4,1,4,20,82,1,6808.0,0,0,1,59,2025-06-01
DR-00180,2023-03-07,0.95,4,3,1,2,3,3,2,1,1,103,20,-1,10891.0,0,0,1,62,2023-05-08
DR-00181,2023-12-04,0.75,7,4,2,1,1,2,2,1,5,49,32,-1,4975.0,0,0,1,35,2024-01-08
DR-00182,2025-04-22,0.87,7,5,1,4,1,4,3,1,5,98,86,0,3373.0,0,0,1,65,2025-06-26
DR-00183,2024-07-10,0.72,4,5,1,1,4,4,2,1,2,63,29,0,3725.0,0,0,1,57,2024-09-05
DR-00184,2025-08-27,0.74,5,8,3,2,3,3,3,1,5,118,37,1,1652.0,0,0,0,126,
DR-00185,2025-01-04,0.63,6,5,2,2,3,3,2,1,4,80,52,1,2825.0,0,0,1,41,2025-02-14
DR-00186,2025-10-01,1.68,3,5,3,1,3,3,1,1,5,103,95,0,22901.0,0,1,1,1,2025-10-02
DR-00187,2025-02-08,1.26,5,5,1,4,3,4,2,1,1,91,77,0,8481.0,0,0,1,20,2025-02-28
DR-00188,2025-09-22,0.78,5,2,1,3,2,3,1,3,1,75,97,1,8240.0,0,0,1,2,2025-09-24
DR-00189,2024-01-23,0.85,2,2,2,1,1,2,1,1,5,49,36,0,16039.0,0,0,0,708,
DR-00190,2024-06-30,0.59,5,8,4,3,1,4,1,0,1,25,42,0,964.0,0,0,0,549,
DR-00191,2025-03-13,0.84,3,9,3,1,4,4,3,1,2,82,81,1,1456.0,0,0,0,293,
DR-00192,2023-03-05,0.54,5,2,1,1,2,2,2,3,3,80,83,0,5074.0,0,0,1,15,2023-03-20
DR-00193,2023-10-21,0.83,7,4,2,2,2,2,1,2,3,32,10,1,5746.0,0,0,1,74,2024-01-03
DR-00194,2023-07-25,1.48,4,7,2,2,2,2,2,1,3,59,67,0,10609.0,0,0,1,87,2023-10-20
DR-00195,2025-06-01,1.33,4,3,2,1,1,2,2,1,2,40,82,0,22930.0,1,0,1,65,2025-08-05
DR-00196,2024-04-08,0.58,1,7,4,2,3,4,1,1,4,55,38,0,2100.0,0,0,1,4,2024-04-12
DR-00197,2025-07-03,0.45,8,3,3,1,3,3,1,1,4,91,71,0,1829.0,0,0,1,82,2025-09-23
DR-00198,2023-03-02,1.01,3,2,4,1,3,4,2,1,1,27,96,1,12727.0,0,0,0,1035,
DR-00199,2024-07-03,0.76,6,7,2,2,2,2,1,1,3,71,52,0,2402.0,0,0,0,546,
DR-00200,2023-07-09,0.92,1,1,2,1,1,2,2,1,3,93,42,0,26202.0,0,0,1,36,2023-08-14
DR-00201,2024-05-28,0.79,5,5,3,2,2,3,1,1,1,21,19,1,4890.0,0,0,1,23,2024-06-20
DR-00202,2023-07-13,0.66,1,7,2,4,1,4,3,1,4,101,31,0,2559.0,0,0,0,902,
DR-00203,2024-12-24,1.2,5,3,4,3,1,4,2,1,1,73,82,0,11112.0,0,0,0,372,
DR-00204,2025-05-11,1.01,3,4,1,3,2,3,1,1,4,22,86,0,11575.0,0,0,1,97,2025-08-16
DR-00205,2024-06-04,1.04,3,2,2,1,2,2,1,3,2,92,97,1,19580.0,1,0,1,75,2024-08-18
DR-00206,2023-05-12,1.01,7,5,3,2,2,3,1,3,4,115,37,1,5405.0,0,0,1,58,2023-07-09
DR-00207,2024-10-21,0.42,5,4,4,2,4,4,3,0,1,39,50,0,1647.0,0,0,1,59,2024-12-19
DR-00208,2024-10-07,1.61,6,8,3,2,2,3,2,2,3,61,85,1,5239.0,0,0,0,450,
DR-00209,2025-10-09,0.91,9,8,2,1,2,2,2,1,5,71,45,1,1795.0,0,0,0,83,
DR-00210,2024-08-31,0.7,3,3,2,1,2,2,2,1,2,29,81,0,9325.0,0,0,1,79,2024-11-18
DR-00211,2023-07-24,0.55,4,2,4,2,2,4,2,1,3,108,65,1,3913.0,0,0,1,85,2023-10-17
DR-00212,2024-10-10,1.79,2,8,2,4,1,4,3,1,2,65,60,0,9382.0,0,0,1,36,2024-11-15
DR-00213,2025-01-07,1.06,6,7,1,3,3,3,4,0,3,80,89,0,3597.0,0,0,0,358,
DR-00214,2025-08-26,1.64,6,3,2,2,3,3,1,1,4,83,73,1,19674.0,0,0,1,87,2025-11-21
DR-00215,2025-06-11,0.44,7,4,4,1,4,4,4,1,1,96,18,0,1248.0,0,0,0,203,
DR-00216,2024-06-11,0.61,8,10,2,1,2,2,4,2,2,62,39,0,500.0,0,0,1,69,2024-08-19
DR-00217,2023-02-04,0.86,1,5,2,2,4,4,1,1,2,81,11,0,7083.0,0,0,0,1061,
DR-00218,2023-11-02,1.57,5,3,1,2,3,3,1,1,5,21,43,0,23437.0,0,0,1,74,2024-01-15
DR-00219,2023-08-21,0.57,7,4,2,2,2,2,1,1,2,70,97,0,2904.0,0,0,1,97,2023-11-26
DR-00220,2024-06-11,0.77,3,5,2,2,2,2,1,1,3,89,12,0,7062.0,0,0,0,568,
DR-00221,2023-09-12,0.58,8,8,2,3,3,3,4,3,2,89,85,0,778.0,0,0,0,841,
DR-00222,2024-03-13,0.63,2,9,2,2,2,2,4,1,5,53,62,0,1577.0,0,0,1,35,2024-04-17
DR-00223,2023-03-01,1.11,9,6,1,2,2,2,3,1,4,97,73,0,3958.0,0,0,0,1036,
DR-00224,2023-09-10,0.57,5,4,3,1,2,3,1,3,3,110,22,0,3222.0,0,0,1,54,2023-11-03
DR-00225,2023-02-26,0.51,4,5,2,2,2,2,3,1,3,107,96,1,3180.0,0,0,1,47,2023-04-14
DR-00226,2024-08-28,0.98,1,5,2,3,1,3,1,1,5,81,22,1,12139.0,0,0,1,55,2024-10-22
DR-00227,2024-04-22,0.87,4,3,3,1,2,3,3,1,4,86,78,0,9476.0,0,0,1,9,2024-05-01
DR-00228,2025-09-23,0.75,4,4,2,4,2,4,1,1,5,44,13,0,4876.0,0,0,1,71,2025-12-03
DR-00229,2025-01-28,0.83,4,4,2,2,3,3,2,1,1,35,66,0,6997.0,0,0,0,337,
DR-00230,2025-12-02,1.06,3,6,2,2,2,2,1,1,5,118,97,0,8310.0,0,0,1,98,2026-03-10
DR-00231,2024-05-20,0.64,5,5,1,2,2,2,3,1,3,67,71,0,4184.0,0,0,1,50,2024-07-09
DR-00232,2024-12-05,0.84,6,7,3,3,2,3,1,1,4,99,14,0,2288.0,0,0,0,391,
DR-00233,2024-02-19,0.73,4,4,2,2,4,4,3,1,1,89,14,1,4878.0,0,0,1,101,2024-05-30
DR-00234,2023-01-09,1.22,6,9,1,2,2,2,1,1,1,92,59,1,2802.0,0,0,1,108,2023-04-27
DR-00235,2025-10-18,1.22,7,10,4,2,1,4,1,1,1,83,69,0,835.0,0,0,1,74,2025-12-31
DR-00236,2024-12-01,0.44,8,3,2,2,1,2,3,1,1,39,31,-1,2170.0,0,0,1,70,2025-02-09
DR-00237,2025-04-11,2.0,6,5,2,4,4,4,1,1,2,116,56,1,16021.0,0,0,1,82,2025-07-02
DR-00238,2025-11-20,0.29,7,3,1,1,2,2,3,0,4,39,92,1,1135.0,0,0,1,118,2026-03-18
DR-00239,2023-02-14,0.74,3,7,2,1,2,2,4,3,1,119,80,0,3520.0,0,0,0,1051,
DR-00240,2025-09-07,0.66,2,10,2,2,1,2,3,3,3,19,73,1,844.0,0,1,1,87,2025-12-03
DR-00241,2025-10-17,0.53,6,3,1,4,3,4,3,1,4,20,17,1,2340.0,0,0,1,38,2025-11-24
DR-00242,2025-11-24,0.51,9,5,3,1,2,3,2,1,2,92,53,1,1400.0,0,0,1,87,2026-02-19
DR-00243,2025-04-25,0.93,7,6,1,2,2,2,4,3,1,27,38,1,3911.0,0,0,1,118,2025-08-21
DR-00244,2023-11-27,0.85,4,4,2,3,1,3,1,1,3,82,5,0,7763.0,0,0,0,765,
DR-00245,2025-07-24,0.53,7,3,1,2,2,2,4,1,4,85,94,1,3213.0,0,0,1,44,2025-09-06
DR-00246,2023-05-06,0.9,5,3,2,2,4,4,1,1,5,26,77,0,7232.0,0,1,0,970,
DR-00247,2023-05-25,0.99,5,3,3,2,4,4,1,1,5,28,89,0,7949.0,0,0,1,1,2023-05-26
DR-00248,2023-05-19,1.65,5,4,3,3,1,3,3,1,1,29,56,-1,20966.0,0,0,1,65,2023-07-23
DR-00249,2023-09-19,0.82,3,1,4,3,2,4,1,1,2,20,17,0,10622.0,0,0,1,29,2023-10-18
DR-00250,2025-01-18,0.48,4,6,1,3,1,3,1,1,4,102,74,0,1556.0,0,0,1,77,2025-04-05
DR-00251,2024-12-15,0.82,9,7,2,2,1,2,1,1,5,93,65,1,1964.0,0,0,1,98,2025-03-23
DR-00252,2023-11-13,0.72,6,8,1,3,3,3,1,3,1,53,55,1,1399.0,0,0,1,62,2024-01-14
DR-00253,2024-11-07,0.74,6,6,1,3,4,4,1,1,4,90,37,0,1919.0,0,0,1,101,2025-02-16
DR-00254,2025-01-28,1.19,4,5,4,1,4,4,1,1,4,98,96,1,8758.0,0,0,1,104,2025-05-12
DR-00255,2024-07-30,0.93,5,6,2,3,1,3,4,1,2,73,15,0,4286.0,0,0,1,45,2024-09-13
DR-00256,2024-05-03,0.64,2,5,2,2,4,4,3,1,1,22,35,0,4069.0,0,0,1,28,2024-05-31
DR-00257,2024-05-09,0.73,5,5,2,1,1,2,3,0,5,78,52,0,5247.0,0,0,0,601,
DR-00258,2025-05-24,0.94,7,2,1,2,2,2,1,3,3,59,97,1,9735.0,0,0,1,66,2025-07-29
DR-00259,2024-05-27,1.04,4,3,2,1,2,2,2,1,1,21,46,1,16010.0,1,0,0,583,
DR-00260,2023-02-21,1.87,3,2,4,2,1,4,2,1,2,22,51,0,38164.0,0,0,1,68,2023-04-30
DR-00261,2025-02-13,0.37,3,7,1,1,3,3,1,1,3,67,73,0,921.0,0,0,0,321,
DR-00262,2023-01-31,0.78,4,4,4,3,2,4,4,1,3,38,46,0,5545.0,0,0,1,44,2023-03-16
DR-00263,2023-09-30,0.87,5,5,2,2,2,2,3,1,4,84,77,0,6767.0,0,0,1,59,2023-11-28
DR-00264,2025-06-28,0.71,3,4,2,2,3,3,1,1,4,78,31,0,6490.0,0,0,1,24,2025-07-22
DR-00265,2025-05-27,0.54,3,10,3,2,4,4,2,3,3,78,46,0,500.0,0,0,1,59,2025-07-25
DR-00266,2024-04-13,0.56,4,2,1,2,4,4,3,1,2,19,5,0,4240.0,0,0,0,627,
DR-00267,2024-07-26,0.94,3,6,1,1,2,2,2,1,5,59,17,0,6819.0,0,0,1,50,2024-09-14
DR-00268,2024-01-21,1.08,4,4,2,2,1,2,4,1,1,57,16,1,13185.0,1,0,0,710,
DR-00269,2025-11-17,0.61,3,5,4,3,2,4,2,3,4,63,71,1,3236.0,0,0,0,44,
DR-00270,2025-03-15,0.88,8,7,1,3,3,3,3,1,2,36,64,0,2159.0,0,0,0,291,
DR-00271,2023-04-19,0.81,1,3,2,4,1,4,1,1,5,54,39,-1,9939.0,0,1,0,987,
DR-00272,2025-02-14,0.57,6,4,2,2,2,2,2,0,2,86,54,0,3272.0,0,0,0,320,
DR-00273,2024-05-22,0.83,7,2,4,1,1,4,2,1,1,93,63,0,5156.0,0,0,1,88,2024-08-18
DR-00274,2023-09-12,0.8,7,1,2,3,2,3,2,1,1,111,55,-1,7420.0,0,0,1,43,2023-10-25
DR-00275,2023-12-29,0.41,5,9,1,2,4,4,2,2,1,20,46,1,500.0,0,0,1,63,2024-03-01
DR-00276,2025-04-11,1.3,5,2,3,2,3,3,2,3,1,106,44,1,18586.0,0,0,1,85,2025-07-05
DR-00277,2025-06-02,1.35,3,3,2,2,2,2,2,1,2,47,55,0,27558.0,1,0,0,212,
DR-00278,2024-10-18,0.43,1,4,3,2,2,3,1,3,1,86,63,1,3408.0,0,0,1,64,2024-12-21
DR-00279,2024-07-09,1.33,7,9,2,3,2,3,1,3,1,61,62,0,2376.0,0,0,1,116,2024-11-02
DR-00280,2024-06-29,0.94,10,2,1,2,2,2,1,3,1,114,85,0,5216.0,0,0,1,109,2024-10-16
DR-00281,2023-01-05,1.13,8,7,2,1,2,2,1,1,5,117,48,0,3954.0,0,0,1,116,2023-05-01
DR-00282,2023-09-04,0.64,5,5,3,3,3,3,1,2,4,42,27,0,3505.0,0,0,0,849,
DR-00283,2023-01-04,0.89,5,4,2,1,2,2,2,3,5,22,89,1,8531.0,0,1,1,40,2023-02-13
DR-00284,2025-07-09,0.68,3,1,1,4,2,4,3,1,5,112,50,0,8172.0,0,0,1,56,2025-09-03
DR-00285,2025-07-04,0.65,6,3,1,1,3,3,4,1,5,22,78,0,4429.0,0,0,1,49,2025-08-22
DR-00286,2024-03-24,0.79,6,5,1,4,1,4,3,1,3,65,67,-1,3285.0,0,0,0,647,
DR-00287,2023-01-27,0.62,1,4,3,2,2,3,1,1,1,17,79,0,6378.0,0,0,1,56,2023-03-24
DR-00288,2023-05-19,0.61,9,4,3,1,2,3,2,1,2,20,9,-1,2192.0,0,0,0,957,
DR-00289,2024-12-22,1.05,3,10,2,1,2,2,1,1,4,30,50,1,1656.0,0,0,1,49,2025-02-09
DR-00290,2024-07-13,0.53,8,5,2,2,2,2,3,1,4,70,40,0,2050.0,0,0,0,536,
DR-00291,2024-01-13,0.48,5,4,1,3,2,3,1,1,4,83,62,1,2531.0,0,0,1,64,2024-03-17
DR-00292,2023-09-15,0.6,5,2,3,4,4,4,1,2,5,43,12,0,4084.0,0,0,1,22,2023-10-07
DR-00293,2025-01-04,1.19,10,3,2,2,2,2,3,1,4,102,69,0,7341.0,0,0,1,79,2025-03-24
DR-00294,2023-04-18,0.5,4,6,3,2,2,3,4,1,2,89,22,0,1679.0,0,0,0,988,
DR-00295,2025-05-01,0.73,4,8,2,2,3,3,3,1,3,24,73,1,2039.0,0,0,1,52,2025-06-22
DR-00296,2024-09-19,1.34,3,10,2,2,2,2,1,1,4,39,32,0,2545.0,0,0,1,39,2024-10-28
DR-00297,2024-08-22,0.92,3,4,2,1,2,2,3,1,1,85,44,0,11777.0,0,0,0,496,
DR-00298,2024-03-21,0.9,8,5,1,1,2,2,2,2,5,112,71,1,4600.0,0,0,0,650,
DR-00299,2025-04-13,0.79,5,4,1,1,3,3,2,1,4,44,50,0,6014.0,0,0,1,64,2025-06-16
DR-00300,2023-03-01,0.59,4,3,1,2,1,2,2,1,5,73,74,0,6169.0,0,0,0,1036,
DR-00301,2023-01-07,0.66,1,9,1,2,1,2,1,3,5,53,73,1,1841.0,0,0,1,65,2023-03-13
DR-00302,2025-05-20,0.87,4,2,3,1,3,3,2,3,2,113,20,1,11549.0,0,0,1,17,2025-06-06
DR-00303,2025-01-18,0.71,8,4,2,1,3,3,1,1,4,73,17,0,3183.0,0,0,1,63,2025-03-22
DR-00304,2023-12-06,0.31,9,7,3,2,3,3,3,1,3,53,8,0,500.0,0,0,0,756,
DR-00305,2023-11-18,0.94,4,2,3,2,1,3,2,1,3,29,30,0,12535.0,0,0,1,61,2024-01-18
DR-00306,2023-02-24,0.7,6,2,3,2,3,3,2,3,1,75,7,0,5535.0,0,0,1,40,2023-04-05
DR-00307,2024-12-31,0.38,4,8,1,4,1,4,3,1,2,102,30,0,531.0,0,0,0,365,
DR-00308,2025-11-21,0.54,5,3,2,1,2,2,3,1,3,99,87,-1,4525.0,0,0,1,4,2025-11-25
DR-00309,2023-02-17,1.14,4,7,1,2,2,2,4,3,5,24,51,1,6427.0,0,0,1,70,2023-04-28
DR-00310,2025-08-01,0.74,8,8,1,1,2,2,3,3,4,54,93,0,1392.0,0,0,1,90,2025-10-30
DR-00311,2023-11-14,0.82,1,3,3,4,1,4,1,0,3,117,57,0,9868.0,0,0,1,64,2024-01-17
DR-00312,2024-08-13,0.91,3,6,2,3,2,3,1,1,3,96,83,1,5703.0,0,0,0,505,
DR-00313,2023-04-20,0.72,7,9,2,1,1,2,2,1,1,109,74,1,951.0,0,0,1,71,2023-06-30
DR-00314,2025-04-18,0.34,7,1,3,3,3,3,1,1,3,118,90,0,1744.0,0,0,1,49,2025-06-06
DR-00315,2024-06-13,0.45,4,7,2,2,1,2,2,1,2,76,33,0,1388.0,0,0,1,120,2024-10-11
DR-00316,2023-04-16,0.63,3,6,1,3,3,3,2,1,3,91,28,0,2952.0,0,0,1,13,2023-04-29
DR-00317,2025-03-08,0.96,2,3,4,3,2,4,2,0,5,81,41,-1,12196.0,0,0,1,7,2025-03-15
DR-00318,2023-01-30,0.96,5,5,3,3,2,3,3,3,5,83,23,0,6966.0,0,0,1,86,2023-04-26
DR-00319,2023-03-16,1.03,6,1,1,3,1,3,1,1,1,119,26,0,12759.0,0,0,1,67,2023-05-22
DR-00320,2025-03-11,0.42,1,4,3,3,2,3,1,1,3,22,79,0,3172.0,0,0,1,15,2025-03-26
DR-00321,2025-08-05,1.53,2,6,4,1,2,4,1,1,2,54,95,0,11374.0,0,0,1,74,2025-10-18
DR-00322,2023-04-12,1.06,3,7,1,1,2,2,3,0,4,36,31,0,7090.0,0,0,1,86,2023-07-07
DR-00323,2024-02-24,0.74,4,2,2,1,4,4,4,0,5,87,76,0,7016.0,0,0,0,676,
DR-00324,2024-11-07,1.11,3,3,2,3,4,4,1,3,3,112,11,0,13001.0,0,0,1,1,2024-11-08
DR-00325,2023-07-29,0.59,4,6,2,3,3,3,4,0,5,47,86,-1,2358.0,0,0,0,886,
DR-00326,2025-05-18,1.16,5,3,1,3,2,3,2,1,3,79,25,1,13983.0,0,0,0,227,
DR-00327,2025-04-14,0.46,7,4,2,2,2,2,1,3,1,36,94,0,2169.0,0,0,1,27,2025-05-11
DR-00328,2023-01-15,0.62,5,8,2,2,1,2,1,1,1,101,72,0,1571.0,0,0,1,47,2023-03-03
DR-00329,2025-01-22,0.57,6,10,2,4,1,4,1,1,3,65,19,-1,500.0,0,0,1,68,2025-03-31
DR-00330,2023-01-03,1.24,4,3,2,3,4,4,1,1,1,116,68,0,14610.0,0,0,1,127,2023-05-10
DR-00331,2024-12-05,2.11,2,4,1,2,1,2,3,3,5,56,5,0,53971.0,1,0,0,391,
DR-00332,2024-10-12,0.54,4,6,4,2,3,4,3,1,5,111,37,0,1523.0,0,0,1,110,2025-01-30
DR-00333,2023-03-23,0.77,6,5,3,1,2,3,1,0,2,20,31,0,3784.0,0,0,0,1014,
DR-00334,2023-11-13,0.89,3,2,1,2,4,4,3,1,3,77,40,0,10617.0,0,0,1,25,2023-12-08
DR-00335,2024-09-14,0.93,3,3,2,2,3,3,2,1,2,64,8,0,12128.0,0,0,1,24,2024-10-08
DR-00336,2024-12-31,1.12,4,3,1,2,1,2,3,1,1,41,6,0,18541.0,1,0,1,85,2025-03-26
DR-00337,2024-02-08,0.66,1,7,2,3,1,3,2,3,5,16,44,0,3112.0,0,0,1,112,2024-05-30
DR-00338,2024-12-12,0.37,5,6,2,3,3,3,3,1,1,105,71,1,848.0,0,0,0,384,
DR-00339,2024-06-23,0.59,4,3,3,2,2,3,1,1,5,35,8,0,4953.0,0,1,1,1,2024-06-24
DR-00340,2024-01-02,1.14,5,6,3,2,2,3,1,1,3,34,57,0,5787.0,0,0,0,729,
DR-00341,2024-04-14,1.35,9,3,1,3,2,3,1,1,4,83,30,-1,10283.0,0,0,1,117,2024-08-09
DR-00342,2024-08-12,0.94,5,9,2,1,1,2,4,1,2,22,66,-1,1998.0,0,0,1,108,2024-11-28
DR-00343,2025-09-06,0.73,5,7,2,3,1,3,3,1,5,92,86,0,2141.0,0,0,1,122,2026-01-06
DR-00344,2023-02-05,0.92,5,2,3,1,2,3,2,1,4,95,60,-1,10668.0,0,0,1,75,2023-04-21
DR-00345,2025-05-30,0.55,10,2,1,2,1,2,3,1,5,69,21,1,2224.0,0,1,1,90,2025-08-28
DR-00346,2025-02-23,0.91,5,3,2,2,2,2,3,1,1,25,64,1,11021.0,0,0,1,112,2025-06-15
DR-00347,2025-04-06,1.7,2,7,2,2,3,3,2,1,5,98,15,0,13526.0,0,0,1,14,2025-04-20
DR-00348,2025-06-06,0.73,9,8,3,2,1,3,2,1,3,112,12,-1,1014.0,0,0,1,94,2025-09-08
DR-00349,2025-09-12,0.88,6,3,4,2,1,4,3,1,3,17,68,1,5459.0,0,0,1,64,2025-11-15
DR-00350,2023-06-30,0.86,3,4,2,4,2,4,3,1,5,41,50,-1,7304.0,0,0,1,1,2023-07-01
DR-00351,2025-04-12,0.74,3,1,4,2,2,4,1,1,1,49,95,0,9330.0,0,0,1,48,2025-05-30
DR-00352,2023-09-13,1.53,4,5,4,4,2,4,3,3,4,102,52,1,13823.0,0,0,1,1,2023-09-14
DR-00353,2024-11-25,0.56,10,9,2,2,1,2,1,1,2,29,36,0,500.0,0,0,1,113,2025-03-18
DR-00354,2023-07-23,1.15,5,3,1,1,1,1,2,2,5,86,36,0,19593.0,0,0,0,892,
DR-00355,2025-07-31,0.33,1,9,2,1,1,2,1,1,3,82,66,-1,604.0,0,0,1,67,2025-10-06
DR-00356,2025-09-09,0.81,4,7,1,2,2,2,1,3,4,66,56,0,3690.0,0,0,1,85,2025-12-03
DR-00357,2024-06-05,0.41,6,6,1,2,4,4,4,2,5,48,36,0,701.0,0,0,1,29,2024-07-04
DR-00358,2023-04-18,1.18,3,3,2,2,2,2,2,3,1,111,94,0,23236.0,1,0,1,43,2023-05-31
DR-00359,2023-02-04,0.56,2,3,1,2,2,2,1,1,2,99,18,0,6861.0,0,0,1,96,2023-05-11
DR-00360,2023-02-25,0.56,4,4,2,4,1,4,1,1,5,75,81,0,2944.0,0,0,1,81,2023-05-17
DR-00361,2025-06-09,0.79,2,2,3,1,1,3,2,1,2,24,99,0,12543.0,0,0,0,205,
DR-00362,2024-12-01,0.6,2,7,2,1,1,2,2,1,2,28,16,0,3008.0,0,0,1,1,2024-12-02
DR-00363,2023-05-11,0.8,2,5,3,3,2,3,4,1,5,22,27,0,7259.0,0,0,1,62,2023-07-12
DR-00364,2024-12-25,1.53,4,2,1,2,2,2,1,3,5,116,52,0,35868.0,1,0,1,27,2025-01-21
DR-00365,2023-09-10,0.4,4,6,2,1,2,2,1,1,4,80,65,1,1393.0,0,0,1,55,2023-11-04
DR-00366,2025-05-25,0.51,5,5,2,4,3,4,3,3,3,87,22,0,1846.0,0,0,1,27,2025-06-21
DR-00367,2023-09-27,0.59,4,7,1,4,4,4,2,2,3,37,95,0,1406.0,0,0,1,51,2023-11-17
DR-00368,2024-06-23,0.57,3,7,1,2,2,2,3,1,5,103,96,0,2326.0,0,0,1,58,2024-08-20
DR-00369,2025-11-06,0.59,4,7,2,1,2,2,4,1,5,103,20,0,2260.0,0,0,1,42,2025-12-18
DR-00370,2025-10-26,0.65,6,5,1,1,2,2,4,1,5,88,21,-1,3497.0,0,0,0,66,
DR-00371,2024-04-23,1.17,7,4,1,1,4,4,3,3,5,45,24,1,6991.0,0,0,1,102,2024-08-03
DR-00372,2025-12-05,0.83,8,2,1,1,2,2,1,1,4,100,44,0,6668.0,0,0,1,78,2026-02-21
DR-00373,2024-12-18,0.68,5,8,2,1,1,2,2,1,5,65,93,0,1795.0,0,0,0,378,
DR-00374,2023-07-04,0.46,2,8,2,2,3,3,2,1,1,113,40,1,1100.0,0,0,1,86,2023-09-28
DR-00375,2025-10-01,0.57,6,3,2,3,2,3,3,1,4,64,47,1,3433.0,0,0,0,91,
DR-00376,2025-12-10,0.85,8,7,1,4,2,4,2,1,5,96,63,0,1604.0,0,1,1,39,2026-01-18
DR-00377,2023-08-21,0.76,6,4,1,1,2,2,3,1,5,69,16,1,5417.0,0,0,1,67,2023-10-27
DR-00378,2023-06-16,1.59,1,5,3,2,1,3,4,1,1,98,82,0,27271.0,0,0,1,57,2023-08-12
DR-00379,2024-01-18,0.92,2,4,2,2,1,2,3,1,2,38,38,0,13103.0,0,0,0,713,
DR-00380,2025-06-15,0.66,3,2,1,4,1,4,4,1,1,92,43,0,6225.0,0,0,1,36,2025-07-21
DR-00381,2025-02-15,0.41,5,4,2,2,2,2,2,3,1,20,25,1,2246.0,0,0,0,319,
DR-00382,2025-11-19,1.1,7,4,2,3,3,3,3,3,4,117,55,1,7929.0,0,0,0,42,
DR-00383,2023-03-13,1.23,4,3,1,3,2,3,2,1,3,44,98,0,16781.0,0,0,1,80,2023-06-01
DR-00384,2024-07-23,0.98,8,5,2,2,1,2,1,1,5,44,33,0,5553.0,0,0,1,70,2024-10-01
DR-00385,2024-06-24,0.45,9,5,1,2,2,2,4,1,5,88,41,0,1358.0,0,0,0,555,
DR-00386,2023-08-17,0.75,3,7,2,3,2,3,2,3,4,87,86,0,2984.0,0,0,0,867,
DR-00387,2023-01-17,0.93,5,2,3,1,2,3,1,3,4,80,8,0,10385.0,0,0,1,30,2023-02-16
DR-00388,2023-08-12,0.74,3,2,2,2,2,2,3,1,2,36,73,1,11933.0,0,0,1,33,2023-09-14
DR-00389,2023-10-10,1.14,5,7,3,3,2,3,3,1,2,70,46,1,4869.0,0,0,0,813,
DR-00390,2024-10-16,0.63,5,4,2,3,3,3,1,1,2,29,20,0,4133.0,0,0,1,48,2024-12-03
DR-00391,2025-02-05,1.44,3,3,1,2,3,3,3,1,1,99,72,0,25445.0,0,0,1,73,2025-04-19
DR-00392,2024-04-04,0.73,5,1,2,3,2,3,3,1,2,16,55,1,8099.0,0,0,1,20,2024-04-24
DR-00393,2023-12-07,0.68,7,7,3,2,3,3,1,1,4,85,91,1,1567.0,0,0,0,755,
DR-00394,2024-05-13,0.51,1,1,1,2,1,2,2,1,4,86,87,1,9367.0,0,0,0,597,
DR-00395,2024-04-30,0.79,5,5,2,2,1,2,1,3,3,49,73,1,6009.0,0,0,0,610,
DR-00396,2025-12-21,0.67,6,2,3,3,2,3,4,1,4,95,59,0,5256.0,0,0,1,18,2026-01-08
DR-00397,2023-09-17,0.64,4,7,1,2,1,2,3,1,5,51,52,0,2607.0,0,0,1,114,2024-01-09
DR-00398,2025-10-17,1.55,3,3,2,4,2,4,1,1,4,118,17,0,23561.0,0,0,0,75,
DR-00399,2023-10-31,0.73,4,6,1,2,1,2,1,3,2,38,14,1,3874.0,0,0,1,1,2023-11-01
DR-00400,2025-07-02,0.23,3,3,3,3,1,3,3,0,2,98,49,1,1137.0,0,0,0,182,
DR-00401,2025-08-01,0.81,7,5,1,3,1,3,1,2,4,61,85,0,3835.0,0,0,1,62,2025-10-02
DR-00402,2024-02-20,1.1,5,7,2,4,2,4,1,2,1,38,27,0,3456.0,0,0,1,77,2024-05-07
DR-00403,2025-02-01,0.65,7,2,3,2,2,3,1,1,2,15,68,-1,4457.0,0,0,1,86,2025-04-28
DR-00404,2023-10-03,0.58,6,4,1,1,4,4,4,1,3,62,94,1,2182.0,0,0,1,65,2023-12-07
DR-00405,2024-08-14,0.92,1,3,3,2,2,3,2,3,4,92,26,1,14685.0,0,0,1,1,2024-08-15
DR-00406,2023-09-02,1.96,4,4,3,2,2,3,2,3,1,97,34,1,31971.0,0,0,1,102,2023-12-13
DR-00407,2023-12-15,0.62,1,5,3,3,4,4,2,3,4,48,10,-1,4257.0,0,0,0,747,
DR-00408,2025-10-18,0.48,9,4,1,2,1,2,2,1,2,108,92,-1,1679.0,0,0,1,31,2025-11-18
DR-00409,2025-11-26,1.09,10,5,2,3,2,3,2,1,5,89,28,1,3546.0,0,0,1,124,2026-03-30
DR-00410,2025-12-05,0.54,5,10,1,2,1,2,3,3,4,27,19,0,500.0,0,0,0,26,
DR-00411,2023-06-15,1.44,2,3,1,2,3,3,2,1,2,73,50,0,28405.0,0,0,1,41,2023-07-26
DR-00412,2023-11-25,0.67,7,4,1,2,1,2,1,1,4,116,60,0,3843.0,0,0,1,65,2024-01-29
DR-00413,2025-02-09,1.18,2,2,3,2,2,3,1,3,3,20,14,0,23193.0,0,0,0,325,
DR-00414,2023-06-28,0.58,5,2,3,2,4,4,4,0,2,52,18,0,3923.0,0,0,1,89,2023-09-25
DR-00415,2025-05-23,0.74,6,7,3,3,2,3,3,1,4,51,56,1,1939.0,0,0,0,222,
DR-00416,2025-10-07,0.86,6,6,3,3,2,3,3,1,3,28,44,0,3119.0,0,0,1,45,2025-11-21
DR-00417,2024-11-23,0.68,1,6,1,2,3,3,1,1,4,84,73,0,4217.0,0,0,1,80,2025-02-11
DR-00418,2023-01-08,0.76,6,3,1,2,2,2,2,3,2,74,8,1,6413.0,0,0,1,83,2023-04-01
DR-00419,2024-04-24,0.54,7,4,3,1,1,3,2,1,4,18,58,1,2187.0,0,0,0,616,
DR-00420,2023-03-06,0.72,3,6,1,2,2,2,2,0,3,78,10,0,4189.0,0,0,1,65,2023-05-10
DR-00421,2023-03-28,0.51,9,5,2,2,3,3,4,1,4,91,15,0,1314.0,0,0,0,1009,
DR-00422,2024-10-26,0.78,6,5,1,4,4,4,2,1,1,40,17,0,3140.0,0,0,1,86,2025-01-20
DR-00423,2023-02-12,0.49,3,8,1,3,2,3,1,1,5,109,55,1,1197.0,0,0,1,57,2023-04-10
DR-00424,2025-10-28,0.7,6,4,1,2,3,3,2,1,3,116,10,-1,3787.0,0,0,0,64,
DR-00425,2023-03-12,0.83,2,10,1,2,1,2,2,1,3,88,8,0,1205.0,0,0,0,1025,
DR-00426,2025-04-16,0.84,6,5,2,2,1,2,3,3,4,57,90,1,5189.0,0,0,1,37,2025-05-23
DR-00427,2025-09-01,0.63,5,7,4,1,4,4,1,1,2,32,56,0,1433.0,0,0,1,76,2025-11-16
DR-00428,2025-03-13,0.63,2,2,2,1,2,2,3,0,4,19,50,1,9789.0,0,0,0,293,
DR-00429,2023-04-23,0.87,6,3,1,3,2,3,2,1,2,65,46,1,7153.0,0,0,1,61,2023-06-23
DR-00430,2025-09-03,0.32,5,5,2,2,3,3,1,3,4,84,22,1,1045.0,0,0,1,47,2025-10-20
DR-00431,2024-04-03,0.64,1,5,2,3,2,3,1,1,2,73,61,0,5702.0,0,0,1,58,2024-05-31
DR-00432,2025-03-22,0.97,3,8,2,4,3,4,1,3,2,80,99,1,2913.0,0,0,0,284,
DR-00433,2023-06-04,0.83,7,3,3,3,1,3,4,1,1,51,73,0,5925.0,0,0,0,941,
DR-00434,2023-11-17,1.06,4,5,1,2,2,2,1,3,2,20,88,0,10752.0,1,0,1,34,2023-12-21
DR-00435,2025-09-08,0.79,7,10,1,3,1,3,3,3,3,92,36,0,500.0,0,0,1,114,2025-12-31
DR-00436,2023-04-09,0.99,7,1,2,1,1,2,4,1,2,66,91,0,12747.0,0,0,1,58,2023-06-06
DR-00437,2025-11-22,0.63,5,2,2,1,3,3,3,0,2,18,55,1,5493.0,0,0,1,18,2025-12-10
DR-00438,2024-11-29,1.27,2,9,4,3,1,4,1,1,5,92,97,0,3610.0,0,0,0,397,
DR-00439,2023-10-15,0.45,9,3,3,2,1,3,1,1,3,107,65,0,1632.0,0,0,0,808,
DR-00440,2023-12-02,0.62,3,7,1,3,3,3,2,1,3,102,69,1,2210.0,0,0,1,100,2024-03-11
DR-00441,2024-02-11,0.72,2,3,2,1,2,2,3,1,5,71,59,1,10567.0,0,0,1,63,2024-04-14
DR-00442,2024-04-08,0.42,3,7,2,2,1,2,3,1,4,109,83,0,1341.0,0,0,1,65,2024-06-12
DR-00443,2024-11-19,1.66,4,5,3,4,3,4,3,3,4,46,92,0,15371.0,0,0,0,407,
DR-00444,2024-12-03,0.73,3,5,1,1,2,2,4,1,4,75,70,-1,6970.0,0,0,0,393,
DR-00445,2025-11-23,1.08,4,4,2,1,2,2,2,1,4,97,65,0,13190.0,1,0,1,61,2026-01-23
DR-00446,2024-12-12,1.32,4,1,2,3,2,3,1,3,2,111,28,1,28081.0,0,0,1,85,2025-03-07
DR-00447,2024-02-26,0.83,8,3,1,1,3,3,1,3,2,46,33,1,5116.0,0,0,1,101,2024-06-06
DR-00448,2025-12-21,0.73,6,5,3,2,2,3,1,1,1,118,13,-1,3526.0,0,0,1,131,2026-05-01
DR-00449,2024-09-24,0.68,4,2,1,2,2,2,4,1,3,75,72,0,9095.0,0,0,1,1,2024-09-25
DR-00450,2025-02-12,0.49,5,6,2,4,2,4,1,1,3,21,91,0,1100.0,0,0,1,119,2025-06-11
DR-00451,2025-02-10,0.54,3,6,1,3,3,3,4,1,1,78,14,1,2168.0,0,0,1,95,2025-05-16
DR-00452,2025-02-01,0.89,5,8,2,1,1,2,1,0,5,80,49,0,2877.0,0,0,0,333,
DR-00453,2023-05-30,0.63,5,5,3,2,3,3,1,1,4,48,56,1,3242.0,0,0,1,82,2023-08-20
DR-00454,2025-08-10,0.8,6,4,2,2,4,4,1,2,3,45,71,-1,3837.0,0,0,0,143,
DR-00455,2025-03-02,0.39,4,4,2,1,2,2,1,1,4,25,53,-1,2493.0,0,0,1,77,2025-05-18
DR-00456,2024-09-08,1.49,4,3,2,2,1,2,2,1,5,101,50,-1,28267.0,1,0,0,479,
DR-00457,2024-04-30,0.7,5,6,1,2,1,2,2,1,4,45,28,1,3273.0,0,0,1,52,2024-06-21
DR-00458,2024-12-28,0.85,9,8,2,1,2,2,3,1,5,48,60,1,1507.0,0,0,1,171,2025-06-17
DR-00459,2023-10-27,1.66,5,5,2,1,1,2,3,1,2,22,96,1,20448.0,0,0,1,82,2024-01-17
DR-00460,2024-09-07,0.62,5,8,2,2,4,4,1,1,2,40,68,1,1041.0,0,0,1,100,2024-12-16
DR-00461,2024-10-22,0.4,7,4,3,3,1,3,2,1,1,88,7,-1,1303.0,0,0,1,53,2024-12-14
DR-00462,2025-08-11,1.49,3,4,2,4,2,4,2,1,5,21,46,0,17713.0,0,0,1,103,2025-11-22
DR-00463,2025-07-13,0.74,4,3,2,4,3,4,1,2,4,99,16,1,6091.0,0,0,1,149,2025-12-09
DR-00464,2025-03-22,0.36,3,3,2,3,1,3,2,0,4,78,78,1,2595.0,0,0,1,45,2025-05-06
DR-00465,2023-02-23,0.46,7,1,1,1,3,3,2,0,2,21,60,0,2942.0,0,0,1,43,2023-04-07
DR-00466,2025-03-08,0.37,3,5,2,3,2,3,3,1,2,106,83,-1,1693.0,0,0,1,55,2025-05-02
DR-00467,2024-10-14,1.56,6,8,4,2,3,4,1,1,1,78,41,0,4072.0,0,0,1,42,2024-11-25
DR-00468,2024-01-15,0.71,5,7,1,2,1,2,1,1,3,105,91,1,2545.0,0,0,1,37,2024-02-21
DR-00469,2025-09-18,0.63,5,3,3,2,2,3,1,0,3,27,76,0,4746.0,0,0,0,104,
DR-00470,2025-03-22,1.1,3,3,3,4,2,4,4,1,5,31,49,1,12897.0,0,0,1,45,2025-05-06
DR-00471,2025-03-22,0.7,6,3,2,1,2,2,3,1,3,64,57,0,5645.0,0,0,1,51,2025-05-12
DR-00472,2025-01-22,0.58,1,5,2,4,2,4,1,3,3,51,44,0,3968.0,0,0,0,343,
DR-00473,2023-06-18,0.56,7,4,4,1,2,4,1,2,3,52,43,0,1845.0,0,0,1,92,2023-09-18
DR-00474,2024-02-28,0.97,2,7,4,3,2,4,3,3,4,32,68,1,4332.0,0,0,1,59,2024-04-27
DR-00475,2023-06-18,0.56,1,4,1,1,1,1,1,3,1,103,18,0,7701.0,0,0,1,12,2023-06-30
DR-00476,2025-09-17,0.53,5,4,4,1,3,4,1,1,2,73,52,1,2397.0,0,0,1,1,2025-09-18
DR-00477,2024-12-23,0.72,3,2,2,2,3,3,1,0,4,111,78,-1,8823.0,0,0,1,17,2025-01-09
DR-00478,2023-02-24,0.57,1,5,1,4,4,4,4,1,2,106,22,0,3833.0,0,0,1,100,2023-06-04
DR-00479,2025-08-02,0.82,5,4,3,2,4,4,3,1,2,50,19,1,4800.0,0,0,1,46,2025-09-17
DR-00480,2023-02-03,0.57,4,3,1,2,3,3,1,1,5,111,99,1,4713.0,0,0,1,69,2023-04-13
DR-00481,2025-01-23,1.46,8,2,2,2,1,2,1,1,5,22,49,0,17681.0,0,0,1,94,2025-04-27
DR-00482,2023-07-04,0.8,2,5,3,3,3,3,3,1,2,68,24,-1,7561.0,0,0,1,40,2023-08-13
DR-00483,2024-04-07,0.62,7,5,3,2,2,3,2,0,2,118,77,0,2382.0,0,0,1,65,2024-06-11
DR-00484,2025-05-17,0.51,1,7,2,4,2,4,1,1,4,87,87,0,1700.0,0,0,1,96,2025-08-21
DR-00485,2023-04-29,0.56,8,6,1,4,1,4,2,1,2,93,61,1,969.0,0,0,1,73,2023-07-11
DR-00486,2023-03-06,1.16,3,6,2,2,4,4,4,1,2,20,10,0,6265.0,0,0,1,92,2023-06-06
DR-00487,2024-11-21,0.64,1,7,2,2,2,2,1,1,2,76,76,0,3691.0,0,0,1,139,2025-04-09
DR-00488,2024-06-21,0.77,2,5,4,3,1,4,4,1,2,78,52,0,5389.0,0,0,1,63,2024-08-23
DR-00489,2024-07-30,1.2,4,5,3,1,2,3,1,2,4,111,35,0,11995.0,0,0,1,44,2024-09-12
DR-00490,2024-06-13,0.99,5,4,1,2,2,2,1,1,2,60,29,1,10459.0,0,0,1,41,2024-07-24
DR-00491,2023-10-11,0.72,6,4,1,1,2,2,2,1,3,32,77,0,5079.0,0,0,1,82,2024-01-01
DR-00492,2024-02-20,0.94,9,4,1,1,2,2,2,1,3,24,70,1,5420.0,0,0,1,89,2024-05-19
DR-00493,2025-01-10,1.39,7,5,3,4,1,4,2,1,4,110,54,0,7739.0,0,0,1,108,2025-04-28
DR-00494,2025-09-19,0.65,5,3,4,2,1,4,3,1,3,20,82,0,3998.0,0,0,0,103,
DR-00495,2024-02-23,1.29,5,2,3,3,3,3,1,1,4,72,97,0,18636.0,0,0,0,677,
DR-00496,2024-04-19,1.04,2,4,2,2,1,2,1,1,4,87,29,0,16790.0,1,0,0,621,
DR-00497,2024-01-22,0.53,4,9,4,1,1,4,2,1,4,50,68,0,628.0,0,0,1,76,2024-04-07
DR-00498,2025-04-25,0.65,3,8,1,2,2,2,4,1,5,19,79,0,2243.0,0,0,1,91,2025-07-25
DR-00499,2024-04-14,1.55,7,4,1,4,1,4,2,1,5,32,84,0,11309.0,0,0,1,84,2024-07-07
DR-00500,2024-08-13,0.79,4,5,2,3,3,3,3,1,1,48,69,0,5671.0,0,0,1,24,2024-09-06
DR-00501,2025-11-02,1.34,8,6,2,3,3,3,1,1,4,100,43,0,5305.0,0,0,1,97,2026-02-07
DR-00502,2025-02-06,0.89,2,2,2,4,3,4,3,1,5,55,74,0,11618.0,0,0,1,12,2025-02-18
DR-00503,2025-04-29,1.03,1,6,1,1,4,4,2,1,4,80,96,0,6744.0,0,0,1,89,2025-07-27
DR-00504,2023-06-11,0.47,3,6,2,2,2,2,1,1,1,78,37,0,2033.0,0,0,0,934,
DR-00505,2023-08-04,0.95,7,2,2,2,2,2,2,3,3,111,30,0,9587.0,0,0,1,75,2023-10-18
DR-00506,2024-02-04,1.34,6,6,3,2,3,3,2,3,2,119,93,1,6351.0,0,0,0,696,
DR-00507,2024-10-20,0.26,6,6,3,2,4,4,2,1,1,32,5,1,500.0,0,0,1,85,2025-01-13
DR-00508,2025-08-23,1.21,2,1,2,2,1,2,1,1,4,16,37,1,35488.0,1,0,1,17,2025-09-09
DR-00509,2024-11-05,0.61,4,7,2,3,2,3,1,2,4,106,51,0,1866.0,0,0,0,421,
DR-00510,2024-08-22,0.42,4,8,3,1,1,3,2,1,4,50,29,-1,754.0,0,0,0,496,
DR-00511,2024-03-29,1.54,4,3,2,3,1,3,2,1,5,66,22,1,25248.0,0,0,1,58,2024-05-26
DR-00512,2023-06-05,0.59,6,2,2,3,1,3,3,1,1,45,19,0,4012.0,0,0,1,116,2023-09-29
DR-00513,2024-07-27,0.79,9,4,1,4,1,4,2,1,2,72,42,1,2810.0,0,0,1,66,2024-10-01
DR-00514,2025-03-31,1.05,7,4,2,2,2,2,1,3,2,18,90,0,8564.0,0,0,1,40,2025-05-10
DR-00515,2023-06-26,0.45,7,6,2,2,2,2,1,1,5,118,49,1,1105.0,0,0,1,1,2023-06-27
DR-00516,2023-03-06,0.32,9,3,3,2,1,3,2,1,3,34,29,1,899.0,0,0,0,1031,
DR-00517,2023-11-11,0.85,5,5,2,2,3,3,1,1,5,67,33,0,5320.0,0,1,1,71,2024-01-21
DR-00518,2023-01-30,0.43,1,3,4,3,3,4,1,1,4,102,40,1,3357.0,0,0,1,32,2023-03-03
DR-00519,2025-03-05,1.7,4,8,3,3,2,3,3,1,4,95,57,0,8541.0,0,0,1,58,2025-05-02
DR-00520,2025-05-06,0.61,7,4,2,4,2,4,1,1,2,32,8,0,2346.0,0,0,1,42,2025-06-17
DR-00521,2024-05-20,0.53,9,8,3,1,3,3,2,1,1,54,87,1,572.0,0,0,1,69,2024-07-28
DR-00522,2025-05-09,0.79,4,3,2,1,1,2,4,3,4,29,9,0,9683.0,0,0,1,79,2025-07-27
DR-00523,2023-12-01,0.79,3,7,3,1,1,3,1,1,1,105,66,0,3277.0,0,0,1,87,2024-02-26
DR-00524,2023-07-18,1.3,6,2,4,1,2,4,2,1,2,17,68,0,12526.0,0,0,1,138,2023-12-03
DR-00525,2023-10-08,0.53,5,2,2,3,2,3,2,1,2,88,81,0,4064.0,0,0,1,36,2023-11-13
DR-00526,2023-07-11,0.76,3,3,2,1,1,2,1,3,3,80,41,0,10511.0,0,0,0,904,
DR-00527,2023-01-06,0.59,9,3,1,2,4,4,2,1,3,61,72,1,2039.0,0,0,1,91,2023-04-07
DR-00528,2025-06-29,0.49,3,2,1,2,4,4,1,0,2,27,94,1,3617.0,0,0,1,39,2025-08-07
DR-00529,2024-08-10,0.67,6,5,3,4,2,4,2,1,3,19,53,0,2496.0,0,0,0,508,
DR-00530,2023-09-16,1.01,4,9,2,2,1,2,1,3,1,58,26,0,2870.0,0,0,1,47,2023-11-02
DR-00531,2023-08-13,1.73,8,5,2,2,1,2,1,3,2,35,27,-1,15256.0,0,0,0,871,
DR-00532,2024-04-12,0.71,7,1,1,2,1,2,4,1,5,109,7,1,7209.0,0,0,0,628,
DR-00533,2025-04-11,0.67,1,4,1,2,2,2,1,1,5,110,49,0,8777.0,0,0,1,14,2025-04-25
DR-00534,2024-11-07,0.29,6,2,1,1,2,2,1,1,1,63,31,1,1489.0,0,0,1,11,2024-11-18
DR-00535,2023-05-21,0.59,4,5,3,1,3,3,3,1,4,24,90,-1,3261.0,0,0,0,955,
DR-00536,2023-07-20,0.47,4,1,3,2,4,4,1,1,4,21,99,0,3845.0,0,0,1,70,2023-09-28
DR-00537,2024-10-22,0.61,5,5,2,1,1,2,4,1,2,25,92,-1,3760.0,0,0,1,25,2024-11-16
DR-00538,2025-10-10,0.64,5,10,3,4,1,4,2,1,4,114,41,1,500.0,0,0,0,82,
DR-00539,2024-09-24,0.58,4,4,2,2,3,3,3,1,5,111,38,0,4087.0,0,0,1,60,2024-11-23
DR-00540,2025-12-17,0.85,4,2,4,1,1,4,1,1,4,60,40,0,8344.0,0,0,1,37,2026-01-23
DR-00541,2023-03-28,1.55,6,4,3,2,2,3,3,1,2,54,15,0,15229.0,0,0,0,1009,
DR-00542,2024-03-27,1.1,10,2,2,1,4,4,1,1,2,117,67,-1,4826.0,0,0,1,108,2024-07-13
DR-00543,2025-10-16,0.46,3,5,1,1,1,1,1,1,1,105,96,1,3992.0,0,0,1,9,2025-10-25
DR-00544,2023-09-21,1.27,5,3,2,1,2,2,1,1,5,64,36,0,19629.0,0,1,1,83,2023-12-13
DR-00545,2025-07-01,0.44,2,5,1,3,2,3,1,1,1,110,20,-1,2695.0,0,0,0,183,
DR-00546,2025-07-17,1.1,2,8,2,1,1,2,2,1,2,87,53,0,6277.0,0,0,0,167,
DR-00547,2023-08-21,0.41,3,5,1,2,2,2,1,1,4,88,82,0,2627.0,0,0,0,863,
DR-00548,2024-12-26,0.66,5,3,2,2,1,2,1,3,2,87,28,0,6204.0,0,0,0,370,
DR-00549,2024-10-21,0.54,4,4,3,2,3,3,1,1,4,16,12,0,3696.0,0,0,1,57,2024-12-17
DR-00550,2025-10-06,0.48,3,3,1,2,1,2,1,1,1,23,38,1,5085.0,0,0,1,20,2025-10-26
DR-00551,2025-01-24,0.97,5,1,2,2,2,2,1,1,1,28,89,-1,16435.0,0,0,1,34,2025-02-27
DR-00552,2023-11-11,0.75,4,2,4,2,1,4,4,0,2,72,19,0,7126.0,0,0,1,109,2024-02-28
DR-00553,2025-11-26,1.07,4,3,2,2,2,2,1,1,4,57,78,1,17079.0,1,0,1,55,2026-01-20
DR-00554,2024-04-07,1.04,6,3,2,1,2,2,1,1,3,97,73,0,11512.0,0,0,1,76,2024-06-22
DR-00555,2025-11-28,0.81,2,3,3,2,2,3,3,3,2,72,80,-1,10855.0,0,0,0,33,
DR-00556,2024-05-31,0.26,4,2,2,2,2,2,2,1,1,21,20,1,1770.0,0,0,1,85,2024-08-24
DR-00557,2024-09-24,0.75,7,6,2,3,2,3,3,1,4,96,69,0,2259.0,0,0,1,77,2024-12-10
DR-00558,2024-02-13,0.81,3,5,3,2,2,3,2,1,3,18,98,0,6404.0,0,0,1,49,2024-04-02
DR-00559,2025-09-29,0.9,2,6,2,3,4,4,2,1,3,86,13,0,4879.0,0,0,0,93,
DR-00560,2025-01-27,1.3,3,6,1,1,1,1,2,2,3,79,50,1,14742.0,0,0,0,338,
DR-00561,2023-11-29,0.29,1,3,1,3,2,3,1,1,4,30,27,0,2220.0,0,0,1,48,2024-01-16
DR-00562,2023-03-19,1.07,3,3,4,1,2,4,1,1,3,25,16,0,12918.0,0,0,1,88,2023-06-15
DR-00563,2025-06-04,0.86,4,4,4,1,2,4,1,1,3,57,99,0,6379.0,0,0,1,92,2025-09-04
DR-00564,2024-03-18,0.76,1,9,2,2,2,2,1,1,4,64,66,0,2292.0,0,0,1,111,2024-07-07
DR-00565,2025-07-17,0.93,3,3,1,1,1,1,2,3,1,33,55,0,19343.0,0,0,0,167,
DR-00566,2025-03-01,0.99,4,6,1,2,1,2,3,1,5,32,44,1,6583.0,0,1,0,305,
DR-00567,2023-04-17,0.44,10,3,2,1,2,2,1,1,1,30,51,1,1260.0,0,0,1,55,2023-06-11
DR-00568,2023-11-23,1.36,3,7,1,4,2,4,2,1,5,64,89,1,6671.0,0,1,1,93,2024-02-24
DR-00569,2025-03-17,0.35,6,4,1,2,2,2,1,1,3,101,12,0,1512.0,0,0,0,289,
DR-00570,2024-06-22,1.36,5,8,4,1,3,4,3,1,3,104,86,0,3779.0,0,0,0,557,
DR-00571,2024-06-03,0.46,6,4,3,3,3,3,3,1,2,117,73,-1,1924.0,0,0,1,83,2024-08-25
DR-00572,2023-04-11,0.86,4,7,3,2,2,3,3,1,1,41,95,1,3470.0,0,0,1,76,2023-06-26
DR-00573,2023-05-19,0.88,5,5,3,2,2,3,2,1,2,45,80,0,5778.0,0,0,1,64,2023-07-22
DR-00574,2023-01-11,0.87,7,7,4,2,2,4,3,3,3,52,22,1,1887.0,0,0,0,1085,
DR-00575,2025-07-08,0.25,7,5,1,2,1,2,3,3,5,26,55,0,593.0,0,0,1,114,2025-10-30
DR-00576,2024-05-01,1.1,1,7,2,1,2,2,2,1,4,81,43,1,9206.0,0,0,0,609,
DR-00577,2024-12-03,0.7,4,5,1,3,1,3,4,1,5,31,97,0,4536.0,0,1,1,22,2024-12-25
DR-00578,2023-04-10,0.63,6,5,2,1,2,2,1,3,3,33,29,0,3246.0,0,0,1,75,2023-06-24
DR-00579,2023-07-09,0.56,1,5,1,2,2,2,2,1,2,23,55,0,5553.0,0,0,1,1,2023-07-10
DR-00580,2025-11-03,0.54,4,5,3,1,3,3,4,0,2,114,20,0,3015.0,0,0,0,58,
DR-00581,2024-08-22,0.8,8,4,1,2,3,3,2,1,2,66,29,0,3806.0,0,0,1,72,2024-11-02
DR-00582,2023-05-11,0.9,10,3,1,3,3,3,1,1,3,89,8,1,3746.0,0,0,1,64,2023-07-14
DR-00583,2025-02-07,0.61,2,8,2,2,4,4,2,3,1,97,52,0,1532.0,0,0,1,45,2025-03-24
DR-00584,2023-03-04,0.68,7,8,2,1,1,2,4,1,1,21,50,0,1346.0,0,0,1,114,2023-06-26
DR-00585,2025-09-14,0.6,4,2,1,3,2,3,2,1,3,100,15,0,5826.0,0,0,0,108,
DR-00586,2023-09-22,0.88,5,5,3,1,1,3,1,1,1,23,19,0,6001.0,0,0,1,93,2023-12-24
DR-00587,2023-11-10,0.41,7,9,1,2,1,2,4,2,4,100,78,-1,500.0,0,0,1,121,2024-03-10
DR-00588,2024-08-02,0.65,1,4,3,2,1,3,3,1,3,85,33,1,6584.0,0,0,1,1,2024-08-03
DR-00589,2025-06-27,0.75,4,4,3,2,1,3,2,3,1,16,20,0,6051.0,0,0,1,76,2025-09-11
DR-00590,2024-10-18,0.79,4,5,2,1,2,2,3,1,1,23,34,0,6453.0,0,0,1,48,2024-12-05
DR-00591,2025-09-20,0.95,6,10,4,1,2,4,3,1,3,40,11,0,615.0,0,0,1,89,2025-12-18
DR-00592,2024-07-30,0.77,7,4,1,2,1,2,2,1,4,58,97,-1,5045.0,0,0,0,519,
DR-00593,2024-07-07,0.44,1,5,2,1,3,3,3,1,2,96,69,0,3102.0,0,0,0,542,
DR-00594,2023-05-01,0.74,4,7,3,1,2,3,2,1,5,54,52,1,2778.0,0,1,1,24,2023-05-25
DR-00595,2023-07-30,0.84,7,2,1,1,2,2,1,3,1,34,36,0,8331.0,0,0,1,8,2023-08-07
DR-00596,2024-12-12,0.74,8,4,3,1,2,3,1,1,2,51,48,0,3471.0,0,0,1,83,2025-03-05
DR-00597,2023-05-19,0.58,9,7,1,2,1,2,1,1,1,67,91,0,1095.0,0,0,0,957,
DR-00598,2025-10-28,0.72,8,4,2,2,1,2,1,3,5,110,5,0,4143.0,0,0,0,64,
DR-00599,2024-06-29,0.5,8,5,2,2,1,2,3,1,1,119,38,0,1836.0,0,0,1,78,2024-09-15
DR-00600,2024-08-11,0.48,10,1,2,2,1,2,3,1,2,45,97,0,2147.0,0,0,1,83,2024-11-02
DR-00601,2025-06-15,0.31,4,5,2,3,2,3,3,3,3,20,71,1,1187.0,0,0,1,44,2025-07-29
DR-00602,2024-01-16,1.19,4,10,2,4,4,4,1,1,5,35,61,0,1172.0,0,0,0,715,
DR-00603,2023-09-08,0.48,5,5,3,1,4,4,1,1,3,46,51,1,1598.0,0,0,1,74,2023-11-21
DR-00604,2024-06-04,0.73,4,7,3,2,2,3,4,3,5,84,43,1,2656.0,0,0,1,34,2024-07-08
DR-00605,2024-09-11,0.64,5,5,3,1,1,3,2,3,4,78,69,1,3311.0,0,0,1,101,2024-12-21
DR-00606,2025-09-04,0.66,9,2,2,2,2,2,2,3,3,18,78,1,3991.0,0,0,1,26,2025-09-30
DR-00607,2024-02-18,0.66,9,5,3,3,2,3,3,1,3,48,84,1,2017.0,0,0,1,80,2024-05-08
DR-00608,2023-08-04,0.54,8,3,3,3,3,3,2,1,3,49,81,0,2432.0,0,0,1,133,2023-12-15
DR-00609,2023-02-25,0.72,4,2,3,4,2,4,2,1,3,70,87,0,6123.0,0,0,1,58,2023-04-24
DR-00610,2023-02-13,0.58,3,7,4,2,3,4,2,1,2,69,30,1,1577.0,0,0,1,68,2023-04-22
DR-00611,2023-12-03,0.93,4,7,2,1,2,2,2,1,4,70,92,0,4695.0,0,0,1,71,2024-02-12
DR-00612,2024-01-10,0.44,7,4,3,2,2,3,1,1,1,116,55,0,1599.0,0,0,0,721,
DR-00613,2024-09-14,0.81,6,4,1,2,2,2,2,1,2,73,61,1,6266.0,0,0,1,92,2024-12-15
DR-00614,2023-03-19,0.9,5,4,3,2,3,3,1,1,5,117,99,0,7263.0,0,1,1,1,2023-03-20
DR-00615,2024-06-23,0.4,7,10,4,1,2,4,1,1,4,108,46,-1,500.0,0,0,1,48,2024-08-10
DR-00616,2024-08-12,0.49,2,5,2,3,2,3,3,1,1,110,20,1,3289.0,0,0,1,76,2024-10-27
DR-00617,2025-08-14,1.1,6,3,1,1,3,3,2,1,1,108,66,0,10851.0,0,0,1,55,2025-10-08
DR-00618,2025-04-24,0.55,4,4,2,1,1,2,2,1,4,63,19,1,4593.0,0,0,0,251,
DR-00619,2023-10-30,0.87,4,1,3,1,1,3,2,1,1,54,76,0,13666.0,0,0,1,87,2024-01-25
DR-00620,2025-01-08,1.0,7,3,3,1,2,3,4,1,4,84,40,0,7581.0,0,0,1,16,2025-01-24
DR-00621,2024-04-08,1.46,5,5,4,2,1,4,2,1,3,54,52,0,11177.0,0,0,1,52,2024-05-30
DR-00622,2025-10-11,1.41,4,7,2,1,2,2,2,1,1,77,31,0,9942.0,0,0,0,81,
DR-00623,2023-04-22,0.74,7,4,3,2,4,4,2,3,3,34,98,0,3236.0,0,0,1,100,2023-07-31
DR-00624,2023-08-31,1.7,6,3,1,1,2,2,1,1,3,38,91,0,24849.0,0,0,1,75,2023-11-14
DR-00625,2024-05-01,0.75,3,7,1,4,2,4,3,3,2,75,75,0,2596.0,0,0,1,60,2024-06-30
DR-00626,2023-02-02,0.82,3,5,3,3,1,3,1,1,5,85,50,-1,6883.0,0,0,0,1063,
DR-00627,2025-01-29,0.73,10,2,3,2,1,3,1,0,4,53,10,1,2986.0,0,0,0,336,
DR-00628,2023-02-11,0.33,5,3,3,4,2,4,2,1,2,74,83,0,1241.0,0,0,0,1054,
DR-00629,2023-12-06,0.67,7,10,2,1,1,2,1,1,5,59,42,-1,500.0,0,0,0,756,
DR-00630,2024-12-31,1.01,9,4,2,2,2,2,4,3,5,23,42,0,6256.0,0,0,0,365,
DR-00631,2024-08-20,1.01,4,3,3,4,2,4,1,1,3,59,67,1,9550.0,0,0,1,38,2024-09-27
DR-00632,2023-03-24,0.68,5,7,2,1,3,3,4,1,2,98,37,0,2079.0,0,0,0,1013,
DR-00633,2025-06-26,0.68,8,4,3,2,2,3,1,1,2,118,20,1,3077.0,0,0,1,58,2025-08-23
DR-00634,2024-08-04,0.89,2,6,2,1,1,2,1,1,1,74,18,0,7151.0,0,0,0,514,
DR-00635,2025-12-12,1.29,2,4,1,2,2,2,2,1,2,34,73,0,23853.0,1,0,1,7,2025-12-19
DR-00636,2024-02-10,0.95,5,5,2,2,2,2,1,1,5,115,24,1,8247.0,0,0,1,32,2024-03-13
DR-00637,2023-08-17,0.92,2,6,1,2,2,2,1,3,3,25,98,-1,7537.0,0,0,0,867,
DR-00638,2023-02-03,0.39,5,3,3,2,4,4,1,1,4,111,99,0,1714.0,0,0,1,64,2023-04-08
DR-00639,2025-06-28,0.38,5,3,2,3,3,3,2,3,5,93,57,0,2042.0,0,0,1,45,2025-08-12
DR-00640,2024-01-24,0.48,3,8,2,2,1,2,1,0,1,49,43,0,1374.0,0,0,1,50,2024-03-14
DR-00641,2025-02-09,0.99,7,5,2,1,4,4,3,0,2,108,56,0,4295.0,0,0,1,114,2025-06-03
DR-00642,2025-07-17,0.59,4,6,3,2,4,4,3,1,1,43,96,0,1892.0,0,0,1,111,2025-11-05
DR-00643,2025-11-13,1.11,7,7,1,2,2,2,3,1,1,39,16,0,3966.0,0,0,1,65,2026-01-17
DR-00644,2024-11-18,0.75,3,7,4,4,3,4,1,1,4,45,11,0,2402.0,0,0,1,71,2025-01-28
DR-00645,2024-09-21,1.07,1,5,2,2,1,2,2,1,3,23,53,1,15940.0,1,0,0,466,
DR-00646,2023-09-25,0.59,3,8,1,2,1,2,1,1,1,82,8,0,1963.0,0,0,1,56,2023-11-20
DR-00647,2025-12-03,0.23,2,4,1,1,2,2,2,1,2,29,62,1,1324.0,0,0,0,28,
DR-00648,2024-10-25,0.7,2,7,2,1,4,4,4,1,4,103,82,-1,2597.0,0,0,1,6,2024-10-31
DR-00649,2023-10-24,0.83,10,3,2,3,4,4,1,1,4,47,72,1,2573.0,0,0,1,91,2024-01-23
DR-00650,2025-09-02,0.77,8,4,1,3,2,3,2,1,4,67,79,0,3724.0,0,0,1,63,2025-11-04
DR-00651,2024-04-11,1.38,3,7,3,2,3,3,2,1,3,17,33,0,9005.0,0,0,0,629,
DR-00652,2023-07-03,0.72,3,8,2,3,1,3,1,3,5,100,60,0,2293.0,0,1,1,139,2023-11-19
DR-00653,2024-02-24,0.43,4,10,2,2,4,4,1,1,4,106,52,-1,500.0,0,0,1,98,2024-06-01
DR-00654,2025-10-31,1.18,1,6,2,2,1,2,2,3,3,38,6,0,12484.0,0,0,1,39,2025-12-09
DR-00655,2024-10-20,0.26,3,1,4,3,3,4,2,1,2,53,96,0,1538.0,0,0,1,1,2024-10-21
DR-00656,2025-05-15,1.05,5,4,1,4,3,4,2,1,5,50,91,0,7339.0,0,1,1,73,2025-07-27
DR-00657,2023-01-08,0.66,7,3,1,2,2,2,1,1,2,51,39,1,4688.0,0,0,0,1088,
DR-00658,2024-02-16,0.35,5,4,3,1,2,3,4,1,5,66,5,1,1479.0,0,0,1,30,2024-03-17
DR-00659,2024-04-06,0.64,6,5,1,2,4,4,2,1,5,21,34,0,2180.0,0,0,1,66,2024-06-11
DR-00660,2025-10-03,0.7,9,6,2,3,3,3,1,1,1,96,5,0,1551.0,0,0,1,69,2025-12-11
DR-00661,2024-09-18,1.09,3,3,1,3,1,3,1,1,4,66,30,0,16884.0,0,0,0,469,
DR-00662,2023-04-05,1.02,6,5,2,2,3,3,3,1,5,58,75,0,6451.0,0,0,1,46,2023-05-21
DR-00663,2025-09-02,1.12,5,5,2,3,2,3,2,1,4,106,78,0,8296.0,0,0,1,73,2025-11-14
DR-00664,2025-01-01,0.47,8,2,1,3,3,3,2,1,4,60,29,0,2310.0,0,0,1,98,2025-04-09
DR-00665,2024-07-13,0.69,4,5,3,2,2,3,3,1,1,105,12,0,4269.0,0,0,1,56,2024-09-07
DR-00666,2024-05-24,0.61,4,3,2,1,1,2,4,0,5,36,39,0,6403.0,0,0,1,9,2024-06-02
DR-00667,2023-01-26,0.87,4,4,2,2,4,4,1,1,4,91,42,0,6466.0,0,0,0,1070,
DR-00668,2023-06-24,0.92,3,5,1,2,2,2,4,1,1,84,39,0,10279.0,0,0,1,60,2023-08-23
DR-00669,2024-03-20,1.82,5,7,2,1,1,2,2,1,2,112,58,1,13037.0,0,0,1,61,2024-05-20
DR-00670,2023-01-23,0.72,6,4,2,3,1,3,3,1,3,79,62,-1,4043.0,0,0,1,96,2023-04-29
DR-00671,2025-11-17,0.85,5,5,2,3,1,3,2,1,1,50,79,1,5622.0,0,0,1,62,2026-01-18
DR-00672,2025-04-01,0.44,5,3,1,4,2,4,3,1,3,44,19,0,2120.0,0,0,1,105,2025-07-15
DR-00673,2025-02-03,0.57,6,3,2,2,2,2,3,1,3,15,28,1,4016.0,0,0,0,331,
DR-00674,2023-01-10,0.69,5,6,2,2,1,2,1,1,4,117,22,0,3083.0,0,0,1,74,2023-03-25
DR-00675,2023-04-06,0.96,1,2,1,4,4,4,3,2,3,98,19,0,15274.0,0,0,1,1,2023-04-07
DR-00676,2024-04-10,0.88,4,9,3,2,4,4,3,1,4,114,39,0,1476.0,0,0,0,630,
DR-00677,2024-12-22,0.75,3,5,3,1,3,3,1,1,1,32,18,1,6025.0,0,0,1,70,2025-03-02
DR-00678,2024-04-05,0.38,7,4,2,4,2,4,4,1,2,68,18,0,1038.0,0,0,1,55,2024-05-30
DR-00679,2025-11-03,0.52,6,6,4,2,3,4,3,3,2,22,56,0,1073.0,0,0,0,58,
DR-00680,2025-04-25,0.79,9,5,2,1,2,2,1,1,3,24,88,1,3251.0,0,0,1,29,2025-05-24
DR-00681,2024-06-17,0.88,4,7,1,2,2,2,2,3,1,98,97,0,4526.0,0,0,0,562,
DR-00682,2023-07-17,0.62,2,4,2,1,1,2,1,1,4,83,93,0,6738.0,0,0,1,40,2023-08-26
DR-00683,2024-03-06,0.94,5,2,2,2,1,2,1,1,2,40,96,0,13400.0,0,0,0,665,
DR-00684,2024-02-18,0.5,5,5,1,1,2,2,3,1,4,70,39,1,2742.0,0,0,1,86,2024-05-14
DR-00685,2023-10-24,1.02,1,3,1,1,1,1,1,3,4,70,22,-1,27631.0,1,0,0,799,
DR-00686,2024-12-02,1.0,8,3,2,2,2,2,1,2,4,84,60,0,8485.0,0,0,1,86,2025-02-26
DR-00687,2023-07-27,0.8,5,7,3,2,3,3,2,1,2,86,27,0,2669.0,0,0,1,26,2023-08-22
DR-00688,2024-05-08,0.56,7,3,2,4,2,4,2,1,2,31,88,0,2474.0,0,0,1,106,2024-08-22
DR-00689,2024-08-30,0.51,4,4,1,1,2,2,3,1,4,15,38,1,3898.0,0,0,1,117,2024-12-25
DR-00690,2024-03-26,1.1,5,5,4,3,3,4,1,1,1,70,91,1,6487.0,0,0,0,645,
DR-00691,2025-01-07,0.58,5,3,1,2,4,4,1,1,2,94,56,-1,3346.0,0,0,0,358,
DR-00692,2024-01-23,0.81,5,2,3,1,3,3,1,1,2,82,95,0,8390.0,0,0,1,47,2024-03-10
DR-00693,2023-04-25,1.01,5,10,1,1,2,2,1,1,2,76,44,1,1211.0,0,0,1,83,2023-07-17
DR-00694,2025-04-16,1.13,3,5,1,1,3,3,3,2,1,17,14,1,12096.0,0,0,1,95,2025-07-20
DR-00695,2024-02-11,0.5,1,5,2,2,3,3,1,1,3,97,89,0,3634.0,0,0,1,37,2024-03-19
DR-00696,2025-06-23,0.87,5,5,2,2,2,2,2,3,5,17,14,0,6919.0,0,0,1,36,2025-07-29
DR-00697,2023-05-26,1.16,5,5,1,3,4,4,2,1,2,27,26,0,7396.0,0,0,1,107,2023-09-10
DR-00698,2023-03-20,0.62,5,4,3,3,2,3,1,3,4,112,43,1,3927.0,0,0,1,72,2023-05-31
DR-00699,2025-12-10,0.72,5,7,1,1,2,2,3,1,2,19,5,1,2716.0,0,0,0,21,
DR-00700,2025-07-25,0.76,4,3,1,2,1,2,1,1,1,87,13,1,9194.0,0,0,0,159,
DR-00701,2025-05-06,0.86,10,3,4,2,3,4,1,1,1,73,98,1,2592.0,0,0,1,119,2025-09-02
DR-00702,2023-07-25,0.57,4,5,3,2,1,3,1,1,3,48,69,0,3141.0,0,0,1,35,2023-08-29
DR-00703,2025-09-01,1.35,3,5,4,2,1,4,1,1,5,80,35,1,12975.0,0,0,1,102,2025-12-12
DR-00704,2024-07-05,0.81,7,6,2,3,2,3,1,1,1,65,76,0,2496.0,0,0,0,544,
DR-00705,2023-06-18,0.98,5,7,2,1,2,2,3,2,5,73,60,-1,4332.0,0,1,1,90,2023-09-16
DR-00706,2024-10-09,0.51,5,7,2,3,4,4,4,1,5,73,59,0,1022.0,0,0,1,129,2025-02-15
DR-00707,2023-01-22,1.4,3,1,1,2,4,4,1,1,2,83,95,1,27714.0,0,0,0,1074,
DR-00708,2023-04-27,1.0,3,5,1,1,4,4,1,1,1,68,13,0,7848.0,0,0,1,82,2023-07-18
DR-00709,2025-11-25,1.26,9,3,3,2,4,4,4,1,3,65,99,0,7451.0,0,0,1,64,2026-01-28
DR-00710,2023-09-13,0.48,2,3,2,1,3,3,2,1,1,37,17,0,4366.0,0,0,1,26,2023-10-09
DR-00711,2025-12-17,0.69,4,3,2,1,3,3,3,1,5,29,74,-1,6632.0,0,0,1,15,2026-01-01
DR-00712,2023-10-26,0.73,4,5,2,3,3,3,2,1,3,51,44,1,4840.0,0,0,1,70,2024-01-04
DR-00713,2025-11-23,0.71,5,5,2,2,1,2,2,1,4,47,71,1,4631.0,0,0,0,38,
DR-00714,2023-08-10,0.64,9,4,2,3,3,3,2,1,4,36,43,0,2357.0,0,0,1,111,2023-11-29
DR-00715,2023-08-19,0.44,5,7,1,2,2,2,2,1,1,66,87,1,1101.0,0,0,1,60,2023-10-18
DR-00716,2024-11-19,1.26,4,5,1,3,1,3,2,0,5,43,91,1,11983.0,0,0,0,407,
DR-00717,2024-07-01,1.03,2,3,4,1,2,4,3,1,3,105,62,0,13775.0,0,0,1,96,2024-10-05
DR-00718,2023-02-08,0.68,7,4,1,2,1,2,3,1,3,104,32,0,3837.0,0,0,1,85,2023-05-04
DR-00719,2023-03-20,0.59,4,4,3,2,2,3,1,1,2,49,55,1,3941.0,0,0,0,1017,
DR-00720,2024-08-21,0.75,7,4,1,1,1,1,1,1,4,119,67,0,5950.0,0,0,1,42,2024-10-02
DR-00721,2025-01-29,1.16,3,6,1,1,1,1,1,1,3,114,18,1,12673.0,0,0,1,26,2025-02-24
DR-00722,2025-04-11,1.03,4,5,2,3,1,3,1,3,4,24,34,0,9052.0,0,0,1,26,2025-05-07
DR-00723,2024-08-29,0.68,5,6,2,3,1,3,1,1,2,25,45,0,2404.0,0,0,1,90,2024-11-27
DR-00724,2024-08-18,0.48,1,10,1,3,4,4,3,1,4,71,89,-1,500.0,0,0,1,48,2024-10-05
DR-00725,2024-08-25,0.69,3,6,3,1,2,3,2,1,4,48,57,0,3266.0,0,0,1,77,2024-11-10
DR-00726,2024-02-01,0.38,7,3,1,1,2,2,4,3,1,97,70,1,1877.0,0,0,1,73,2024-04-14
DR-00727,2023-08-25,1.24,2,6,1,2,1,2,1,3,2,28,65,0,12660.0,0,0,1,73,2023-11-06
DR-00728,2024-08-26,1.22,8,4,2,2,3,3,3,1,1,67,62,1,7994.0,0,0,0,492,
DR-00729,2024-12-20,0.42,3,2,2,4,3,4,2,3,1,110,59,1,2998.0,0,0,1,27,2025-01-16
DR-00730,2025-07-09,0.97,4,3,4,2,1,4,2,1,1,39,66,1,9752.0,0,0,1,80,2025-09-27
DR-00731,2025-04-03,0.5,5,7,1,4,2,4,3,1,3,44,76,0,925.0,0,0,1,91,2025-07-03
DR-00732,2024-11-12,1.07,5,5,3,3,4,4,2,1,5,95,87,1,6273.0,0,1,1,50,2025-01-01
DR-00733,2024-09-30,1.05,6,4,1,2,1,2,2,3,5,112,40,0,9488.0,0,1,1,40,2024-11-09
DR-00734,2025-09-11,0.79,5,4,2,1,2,2,1,1,3,84,82,0,7221.0,0,0,0,111,
DR-00735,2023-12-22,0.75,4,3,1,3,3,3,1,1,5,61,49,0,7377.0,0,0,1,42,2024-02-02
DR-00736,2025-04-24,0.64,4,1,2,4,3,4,2,1,5,58,79,1,6227.0,0,0,0,251,
DR-00737,2024-07-20,0.48,6,10,2,2,4,4,2,1,3,29,78,0,500.0,0,0,0,529,
DR-00738,2024-05-15,0.81,2,3,1,2,1,2,1,1,2,72,9,0,13054.0,0,0,1,36,2024-06-20
DR-00739,2025-11-09,0.58,3,3,2,2,4,4,3,1,1,77,29,0,4387.0,0,0,0,52,
DR-00740,2024-08-20,0.41,5,8,3,1,2,3,2,1,4,53,80,0,651.0,0,0,1,111,2024-12-09
DR-00741,2024-05-22,0.46,7,1,3,2,2,3,2,1,1,85,38,0,3010.0,0,0,0,588,
DR-00742,2025-04-05,0.72,5,5,4,2,2,4,3,3,3,53,9,0,3315.0,0,0,1,87,2025-07-01
DR-00743,2023-05-24,0.83,6,4,3,2,1,3,2,1,5,34,11,-1,5102.0,0,0,1,108,2023-09-09
DR-00744,2024-06-25,0.74,5,2,1,3,1,3,1,1,2,19,25,0,7420.0,0,0,1,57,2024-08-21
DR-00745,2023-01-15,0.94,4,3,2,1,3,3,2,0,2,48,25,0,11256.0,0,0,1,18,2023-02-02
DR-00746,2025-06-13,0.8,6,4,2,1,2,2,2,3,1,113,58,0,5946.0,0,0,0,201,
DR-00747,2025-04-28,0.61,4,3,3,3,1,3,1,1,4,68,51,1,5335.0,0,0,1,36,2025-06-03
DR-00748,2024-06-12,0.81,4,5,2,2,2,2,2,0,4,74,49,0,7265.0,0,0,1,44,2024-07-26
DR-00749,2024-07-03,0.72,6,9,2,1,3,3,1,1,1,114,99,1,947.0,0,0,1,64,2024-09-05
DR-00750,2025-09-21,1.13,2,5,2,1,1,2,2,3,1,15,12,0,16675.0,1,0,1,33,2025-10-24
DR-00751,2025-03-17,0.69,7,5,2,1,2,2,4,1,5,62,20,0,3479.0,0,0,1,30,2025-04-16
DR-00752,2023-06-29,1.3,8,5,2,1,3,3,1,3,5,105,47,-1,7333.0,0,0,1,92,2023-09-29
DR-00753,2025-10-01,0.52,6,9,4,2,2,4,3,1,1,111,38,1,500.0,0,0,1,123,2026-02-01
DR-00754,2025-01-08,0.94,3,3,2,1,3,3,1,2,2,67,80,0,12647.0,0,0,0,357,
DR-00755,2025-11-21,0.81,8,8,3,2,4,4,2,3,2,16,57,0,1115.0,0,0,1,52,2026-01-12
DR-00756,2023-06-14,0.53,3,4,2,2,2,2,1,2,3,54,65,0,4706.0,0,0,0,931,
DR-00757,2023-09-20,0.43,3,5,2,1,2,2,2,2,5,35,98,1,2720.0,0,0,1,81,2023-12-10
DR-00758,2023-10-02,0.45,8,4,3,1,1,3,1,3,3,55,28,0,1536.0,0,0,1,16,2023-10-18
DR-00759,2025-09-16,0.47,5,7,2,4,1,4,2,1,4,60,45,0,853.0,0,0,1,64,2025-11-19
DR-00760,2023-10-03,0.42,3,6,2,2,1,2,1,1,4,64,61,1,1843.0,0,0,1,58,2023-11-30
DR-00761,2023-06-06,0.53,6,3,3,1,2,3,1,1,1,118,6,0,2875.0,0,0,1,39,2023-07-15
DR-00762,2024-12-01,0.99,5,6,4,3,2,4,1,3,4,25,39,0,3775.0,0,0,1,85,2025-02-24
DR-00763,2025-03-29,1.2,7,4,1,3,3,3,1,1,4,20,9,1,8514.0,0,0,1,106,2025-07-13
DR-00764,2023-10-02,2.09,10,3,2,3,2,3,1,1,4,110,11,0,15527.0,0,0,0,821,
DR-00765,2025-03-08,1.36,5,5,3,3,1,3,1,1,2,103,38,-1,12323.0,0,0,0,298,
DR-00766,2024-01-22,0.42,4,4,1,1,2,2,3,1,3,47,94,0,2873.0,0,0,0,709,
DR-00767,2024-06-01,0.79,5,1,2,3,4,4,2,1,2,99,7,1,7924.0,0,0,0,578,
DR-00768,2025-11-26,0.43,5,7,2,1,3,3,2,1,1,33,57,0,916.0,0,0,1,52,2026-01-17
DR-00769,2024-09-16,0.71,5,2,2,1,2,2,1,1,1,58,13,0,8419.0,0,0,1,20,2024-10-06
DR-00770,2025-06-04,0.82,7,8,1,3,2,3,1,3,3,112,75,-1,1549.0,0,0,1,104,2025-09-16
DR-00771,2024-02-02,0.53,3,6,2,2,3,3,4,1,3,94,5,0,2275.0,0,0,1,136,2024-06-17
DR-00772,2024-11-28,0.9,5,4,3,1,1,3,4,1,1,20,73,1,7005.0,0,0,0,398,
DR-00773,2024-05-17,0.48,9,7,3,1,4,4,3,1,2,61,84,1,503.0,0,0,1,54,2024-07-10
DR-00774,2023-09-21,0.95,10,4,2,1,2,2,2,1,1,30,63,0,4116.0,0,0,1,75,2023-12-05
DR-00775,2023-05-03,0.82,9,4,2,1,3,3,3,1,1,42,62,1,3529.0,0,0,0,973,
DR-00776,2023-08-31,0.73,3,4,2,1,2,2,1,1,4,88,13,1,8430.0,0,0,0,853,
DR-00777,2023-07-31,1.23,4,2,2,1,3,3,2,3,3,99,40,0,19779.0,0,0,0,884,
DR-00778,2023-06-15,0.6,5,5,1,1,1,1,1,0,3,114,8,-1,4478.0,0,0,1,71,2023-08-25
DR-00779,2023-03-14,0.64,4,2,3,3,1,3,1,1,4,80,75,1,6800.0,0,0,1,5,2023-03-19
DR-00780,2023-09-09,0.36,1,3,3,4,1,4,3,1,4,68,68,0,2421.0,0,0,1,62,2023-11-10
DR-00781,2025-11-21,0.8,4,2,3,2,2,3,2,2,5,112,60,1,9337.0,0,0,0,40,
DR-00782,2025-09-09,0.78,2,5,2,2,1,2,2,1,3,49,88,1,8497.0,0,0,0,113,
DR-00783,2023-03-04,1.2,5,5,3,2,1,3,3,1,1,38,30,0,10142.0,0,0,1,44,2023-04-17
DR-00784,2025-09-21,0.53,3,9,1,2,3,3,3,1,5,63,41,0,863.0,0,0,1,40,2025-10-31
DR-00785,2024-10-13,0.7,8,5,1,3,3,3,1,1,3,34,5,0,2609.0,0,0,1,72,2024-12-24
DR-00786,2025-08-06,0.71,5,4,3,3,1,3,1,1,4,66,49,1,4654.0,0,0,1,36,2025-09-11
DR-00787,2024-12-09,1.06,7,3,2,2,1,2,2,3,2,60,48,1,10478.0,0,0,0,387,
DR-00788,2024-04-20,0.29,6,4,1,2,4,4,1,1,4,71,43,0,686.0,0,0,0,620,
DR-00789,2023-05-20,0.77,7,2,3,1,1,3,1,1,1,19,6,1,5688.0,0,0,1,22,2023-06-11
DR-00790,2024-02-23,0.83,2,6,1,2,1,2,3,3,1,100,6,1,6434.0,0,0,1,50,2024-04-13
DR-00791,2025-04-05,1.14,6,5,1,2,2,2,1,1,5,52,56,0,8631.0,0,0,1,35,2025-05-10
DR-00792,2023-06-22,0.58,5,3,3,2,2,3,2,1,2,100,97,0,3985.0,0,0,1,28,2023-07-20
DR-00793,2024-03-23,0.59,6,4,1,2,2,2,1,3,1,113,49,1,3400.0,0,0,1,74,2024-06-05
DR-00794,2025-11-09,0.75,2,2,1,4,3,4,4,1,4,81,34,0,9175.0,0,0,1,40,2025-12-19
DR-00795,2025-07-14,0.6,4,2,1,2,1,2,1,1,1,81,19,0,7283.0,0,0,1,4,2025-07-18
DR-00796,2024-01-06,0.62,5,4,2,3,1,3,2,1,1,62,52,0,3854.0,0,0,0,725,
DR-00797,2023-09-11,0.53,5,4,2,2,1,2,2,1,4,20,78,0,3582.0,0,0,0,842,
DR-00798,2025-12-21,0.62,4,5,2,4,2,4,1,1,4,97,29,0,2996.0,0,0,1,1,2025-12-22
DR-00799,2023-04-30,0.92,9,3,2,3,1,3,3,1,4,56,21,-1,5561.0,0,0,1,106,2023-08-14
DR-00800,2025-02-05,0.58,8,10,2,2,2,2,1,1,1,77,58,-1,500.0,0,0,1,104,2025-05-20
DR-00801,2025-03-05,1.31,7,7,2,1,1,2,1,1,5,99,97,0,5570.0,0,0,0,301,
DR-00802,2025-10-17,0.77,5,3,2,3,1,3,1,1,3,80,53,0,6681.0,0,0,1,43,2025-11-29
DR-00803,2025-05-27,0.56,2,5,1,2,2,2,3,1,1,56,89,0,4647.0,0,0,1,20,2025-06-16
DR-00804,2025-05-08,0.9,5,7,2,4,3,4,1,1,3,56,57,0,2547.0,0,0,1,125,2025-09-10
DR-00805,2024-04-04,1.27,6,7,2,1,3,3,3,1,4,93,85,1,4639.0,0,0,0,636,
DR-00806,2023-11-07,0.66,7,4,3,4,1,4,1,1,2,27,63,0,2617.0,0,0,1,67,2024-01-13
DR-00807,2024-11-19,0.76,2,4,3,1,1,3,3,1,4,56,84,1,8018.0,0,0,1,16,2024-12-05
DR-00808,2024-06-13,0.71,5,3,4,1,3,4,1,1,4,92,90,1,4816.0,0,0,1,87,2024-09-08
DR-00809,2025-12-02,0.5,9,5,3,1,2,3,1,1,4,113,15,0,1308.0,0,0,1,71,2026-02-11
DR-00810,2025-12-04,0.8,1,10,2,2,1,2,4,1,1,62,14,1,1324.0,0,0,1,88,2026-03-02
DR-00811,2024-11-25,0.62,3,3,4,3,3,4,4,1,3,81,31,0,4963.0,0,0,0,401,
DR-00812,2023-02-08,0.42,4,7,2,2,3,3,4,3,3,23,99,1,987.0,0,0,1,162,2023-07-20
DR-00813,2023-07-16,1.65,5,7,2,1,1,2,2,1,5,103,95,1,10380.0,0,0,1,33,2023-08-18
DR-00814,2024-02-11,0.38,4,3,3,1,2,3,3,1,4,26,88,0,2436.0,0,0,0,689,
DR-00815,2023-11-18,0.72,4,9,2,3,2,3,4,1,3,57,53,0,1309.0,0,0,1,16,2023-12-04
DR-00816,2023-03-13,1.39,4,1,1,2,1,2,2,1,5,62,65,-1,36136.0,1,0,1,31,2023-04-13
DR-00817,2023-05-15,1.25,3,2,1,3,1,3,3,1,4,75,42,0,23080.0,0,0,0,961,
DR-00818,2023-04-03,0.8,2,2,3,4,1,4,2,1,4,89,19,0,10127.0,0,0,1,24,2023-04-27
DR-00819,2024-05-05,0.46,1,3,2,4,1,4,1,1,5,16,83,0,3834.0,0,1,0,605,
DR-00820,2023-08-02,0.7,5,1,2,2,2,2,2,1,4,60,87,0,9709.0,0,0,0,882,
DR-00821,2025-01-01,1.56,4,9,4,3,1,4,1,1,2,94,40,0,3873.0,0,0,1,101,2025-04-12
DR-00822,2025-01-25,0.73,5,3,1,2,3,3,1,2,5,117,19,0,6333.0,0,0,0,340,
DR-00823,2023-11-09,0.58,7,7,1,4,2,4,2,1,2,68,30,1,942.0,0,0,0,783,
DR-00824,2024-06-27,0.85,3,5,1,3,4,4,1,2,4,111,25,0,5840.0,0,0,0,552,
DR-00825,2023-11-01,0.48,8,4,1,3,1,3,1,1,1,66,57,1,1652.0,0,0,1,11,2023-11-12
DR-00826,2023-07-31,0.56,5,2,2,2,1,2,1,1,2,68,84,1,5299.0,0,0,1,20,2023-08-20
DR-00827,2023-11-06,0.75,9,4,2,3,2,3,3,1,2,71,18,1,3150.0,0,0,1,50,2023-12-26
DR-00828,2025-12-01,0.92,5,5,4,3,2,4,2,1,5,70,56,1,5171.0,0,1,1,79,2026-02-18
DR-00829,2025-02-01,0.56,2,5,3,3,2,3,1,2,4,80,34,0,4150.0,0,0,1,74,2025-04-16
DR-00830,2024-03-31,1.13,4,1,2,2,2,2,2,1,5,38,94,0,24779.0,1,0,1,41,2024-05-11
DR-00831,2023-05-03,0.51,5,2,4,4,1,4,3,1,1,59,8,0,2917.0,0,0,1,79,2023-07-21
DR-00832,2023-01-07,0.59,6,4,1,2,2,2,2,1,3,87,72,0,3353.0,0,0,1,68,2023-03-16
DR-00833,2023-11-29,1.01,5,3,2,3,2,3,1,1,5,40,56,0,10418.0,0,0,1,92,2024-02-29
DR-00834,2025-08-12,0.97,2,5,1,2,2,2,1,3,3,28,55,0,11863.0,0,0,1,130,2025-12-20
DR-00835,2024-07-17,1.16,5,2,1,1,2,2,2,1,5,57,20,0,17937.0,0,0,0,532,
DR-00836,2025-03-01,0.74,1,7,1,1,3,3,1,1,4,83,14,0,3827.0,0,0,1,61,2025-05-01
DR-00837,2023-10-05,0.81,10,5,2,1,4,4,2,1,1,74,47,1,1719.0,0,0,1,98,2024-01-11
DR-00838,2025-07-23,0.85,4,2,1,2,3,3,1,1,3,17,98,0,11108.0,0,0,1,87,2025-10-18
DR-00839,2025-11-09,0.66,6,6,1,3,2,3,1,3,2,113,22,1,1982.0,0,0,1,66,2026-01-14
DR-00840,2024-10-29,1.27,6,3,1,1,2,2,2,3,2,107,88,-1,15345.0,0,0,0,428,
DR-00841,2025-11-17,0.85,5,4,2,3,2,3,2,1,4,30,74,0,6721.0,0,0,1,103,2026-02-28
DR-00842,2024-06-22,0.54,2,9,3,1,2,3,1,3,3,96,60,0,982.0,0,0,1,120,2024-10-20
DR-00843,2025-07-25,0.82,9,5,2,4,3,4,1,1,1,109,65,1,2292.0,0,0,1,43,2025-09-06
DR-00844,2023-03-09,0.39,6,4,4,2,1,4,1,3,5,46,69,0,1197.0,0,1,0,1028,
DR-00845,2025-01-03,1.12,5,5,2,2,1,2,1,1,5,16,10,1,10248.0,0,0,1,37,2025-02-09
DR-00846,2025-01-23,1.02,5,4,4,4,2,4,1,1,5,78,72,0,6882.0,0,0,1,106,2025-05-09
DR-00847,2023-09-28,2.23,5,4,1,3,2,3,3,1,2,90,77,1,33211.0,0,0,1,72,2023-12-09
DR-00848,2024-12-11,0.85,7,9,4,3,2,4,2,1,2,74,21,0,907.0,0,0,1,32,2025-01-12
DR-00849,2025-09-10,0.43,4,6,2,1,3,3,2,3,3,95,26,1,1353.0,0,0,0,112,
DR-00850,2025-05-23,0.61,5,3,3,2,2,3,1,1,4,21,32,0,4557.0,0,0,1,38,2025-06-30
DR-00851,2024-11-11,0.33,4,5,4,2,2,4,1,1,1,98,35,1,971.0,0,0,0,415,
DR-00852,2024-08-06,0.83,5,6,1,1,2,2,3,1,1,83,20,1,4005.0,0,0,0,512,
DR-00853,2025-07-01,0.77,4,6,3,3,2,3,1,1,4,109,8,0,3512.0,0,0,0,183,
DR-00854,2024-05-10,0.88,7,3,2,1,3,3,2,1,2,102,25,1,6403.0,0,0,1,76,2024-07-25
DR-00855,2024-11-20,1.35,9,2,2,1,1,2,2,3,5,39,7,1,13839.0,0,0,0,406,
DR-00856,2025-12-11,1.35,4,3,1,2,1,2,1,1,1,30,40,0,24397.0,1,0,1,4,2025-12-15
DR-00857,2025-09-24,0.68,6,6,4,1,4,4,1,1,1,27,69,0,1613.0,0,0,1,45,2025-11-08
DR-00858,2025-11-06,1.35,9,4,3,4,2,4,1,1,4,75,62,-1,6584.0,0,0,1,122,2026-03-08
DR-00859,2024-08-07,0.62,7,4,2,2,1,2,2,3,4,62,67,-1,3543.0,0,0,1,103,2024-11-18
DR-00860,2024-09-01,0.51,2,2,2,4,1,4,1,0,2,75,56,0,4471.0,0,0,1,47,2024-10-18
DR-00861,2025-04-11,0.7,4,8,1,4,2,4,3,1,3,46,92,0,1531.0,0,0,1,170,2025-09-28
DR-00862,2023-09-07,0.82,7,5,2,3,4,4,1,1,4,90,67,1,2983.0,0,0,1,103,2023-12-19
DR-00863,2024-07-27,0.67,1,4,1,2,3,3,2,1,4,59,59,1,7084.0,0,0,1,27,2024-08-23
DR-00864,2024-06-19,0.97,4,5,2,2,1,2,2,3,4,112,49,0,9969.0,0,0,1,114,2024-10-11
DR-00865,2025-02-08,1.07,1,2,3,2,2,3,1,1,2,53,5,1,23422.0,0,0,0,326,
DR-00866,2025-03-22,0.58,3,8,3,3,3,3,2,1,1,105,54,0,1567.0,0,0,0,284,
DR-00867,2025-12-27,0.79,4,5,2,2,1,2,4,3,4,65,87,0,6897.0,0,0,0,4,
DR-00868,2025-04-07,1.12,2,3,1,4,2,4,1,1,2,32,59,0,15953.0,0,0,0,268,
DR-00869,2025-09-28,0.42,5,3,2,2,3,3,2,1,4,118,35,0,2486.0,0,0,1,86,2025-12-23
DR-00870,2023-10-24,0.79,5,4,2,2,2,2,3,1,4,94,26,0,6735.0,0,0,1,67,2023-12-30
DR-00871,2024-07-21,0.68,1,5,1,4,2,4,3,1,1,46,88,0,5182.0,0,0,1,73,2024-10-02
DR-00872,2023-09-16,0.67,5,2,1,1,2,2,1,1,4,105,11,1,7109.0,0,0,1,45,2023-10-31
DR-00873,2024-12-25,0.41,7,9,3,4,2,4,1,2,1,41,80,1,500.0,0,0,1,58,2025-02-21
DR-00874,2025-07-23,1.07,7,1,4,1,3,4,3,1,1,96,93,0,9716.0,0,0,0,161,
DR-00875,2023-10-08,0.6,3,6,3,3,4,4,2,1,4,55,25,0,2114.0,0,0,1,101,2024-01-17
DR-00876,2025-08-05,0.95,2,2,1,4,2,4,1,3,2,49,54,0,13033.0,0,0,0,148,
DR-00877,2024-04-09,0.75,4,8,1,2,2,2,2,3,5,77,78,0,2375.0,0,0,1,56,2024-06-04
DR-00878,2023-04-26,0.67,3,7,1,4,1,4,1,3,2,87,18,0,2062.0,0,0,1,40,2023-06-05
DR-00879,2023-03-10,1.55,5,9,3,3,1,3,3,1,5,49,93,1,3933.0,0,0,1,49,2023-04-28
DR-00880,2025-06-13,1.39,7,3,1,4,2,4,3,1,4,51,38,0,11320.0,0,0,1,8,2025-06-21
DR-00881,2023-02-20,0.51,3,6,1,1,2,2,1,1,3,97,62,1,2503.0,0,0,0,1045,
DR-00882,2023-11-13,1.18,3,3,2,2,2,2,3,1,1,64,77,1,21543.0,1,0,0,779,
DR-00883,2025-09-15,0.55,6,3,2,3,1,3,2,1,1,102,20,0,3245.0,0,0,1,35,2025-10-20
DR-00884,2024-03-07,0.71,9,4,3,1,4,4,3,1,1,64,50,1,2203.0,0,0,0,664,
DR-00885,2024-03-06,1.03,3,5,3,3,1,3,4,3,5,49,72,0,10380.0,0,0,1,99,2024-06-13
DR-00886,2025-08-22,0.81,4,4,2,2,4,4,2,1,1,96,70,1,5771.0,0,0,1,110,2025-12-10
DR-00887,2023-06-30,1.4,2,3,1,1,4,4,2,1,1,92,54,0,22277.0,0,0,1,53,2023-08-22
DR-00888,2024-11-11,0.61,2,5,3,2,1,3,3,1,1,87,18,-1,4820.0,0,0,1,43,2024-12-24
DR-00889,2024-09-19,1.26,7,1,2,3,1,3,1,3,1,118,98,-1,16661.0,0,0,1,65,2024-11-23
DR-00890,2023-11-22,0.3,3,3,1,2,2,2,1,3,3,84,50,0,2166.0,0,0,0,770,
DR-00891,2025-02-14,0.51,6,9,1,2,2,2,2,1,2,105,23,0,638.0,0,0,1,107,2025-06-01
DR-00892,2023-09-04,0.51,7,2,1,2,2,2,4,3,3,58,92,0,3480.0,0,0,0,849,
DR-00893,2025-06-11,0.81,5,1,1,3,1,3,1,1,2,59,49,0,9694.0,0,0,1,99,2025-09-18
DR-00894,2024-10-29,1.18,8,5,3,2,3,3,2,1,3,37,74,0,6060.0,0,0,1,109,2025-02-15
DR-00895,2023-08-18,0.55,6,5,1,1,3,3,2,1,1,97,52,1,2148.0,0,0,1,62,2023-10-19
DR-00896,2023-05-23,0.47,7,5,2,1,2,2,1,1,3,52,42,0,1762.0,0,0,1,109,2023-09-09
DR-00897,2023-11-10,0.67,2,5,3,1,1,3,1,1,3,69,65,0,5365.0,0,0,1,13,2023-11-23
DR-00898,2025-07-21,0.63,10,9,3,2,1,3,3,3,4,38,71,-1,500.0,0,0,1,134,2025-12-02
DR-00899,2024-03-05,0.63,2,3,3,4,3,4,1,1,2,34,23,1,5762.0,0,0,1,43,2024-04-17
DR-00900,2025-07-07,1.28,5,2,2,1,4,4,1,0,5,108,89,0,14169.0,0,0,0,177,
DR-00901,2023-08-15,0.8,4,5,1,1,2,2,2,1,5,46,66,1,7147.0,0,1,1,37,2023-09-21
DR-00902,2023-05-06,1.09,4,7,3,2,2,3,2,1,5,85,84,0,5138.0,0,0,1,73,2023-07-18
DR-00903,2023-03-08,0.75,4,5,3,1,1,3,1,1,4,119,34,1,5023.0,0,0,1,32,2023-04-09
DR-00904,2025-02-05,0.57,5,7,2,1,2,2,1,1,5,74,90,0,1703.0,0,0,1,76,2025-04-22
DR-00905,2024-06-15,0.51,9,4,2,2,2,2,2,1,1,34,24,1,1844.0,0,0,0,564,
DR-00906,2024-01-19,0.52,10,3,4,2,1,4,2,3,2,37,26,0,1198.0,0,0,1,99,2024-04-27
DR-00907,2023-12-22,0.29,9,5,2,2,1,2,1,1,4,56,99,0,604.0,0,0,1,117,2024-04-17
DR-00908,2023-06-21,0.72,1,4,2,1,1,2,4,0,2,112,92,0,9876.0,0,0,1,73,2023-09-02
DR-00909,2025-12-20,0.35,5,7,2,4,2,4,3,0,3,22,70,0,500.0,0,0,1,56,2026-02-14
DR-00910,2025-12-16,2.22,7,4,2,2,2,2,3,1,4,63,31,0,30274.0,0,0,1,68,2026-02-22
DR-00911,2023-01-24,0.71,5,6,1,2,2,2,2,1,1,23,64,0,3102.0,0,0,1,84,2023-04-18
DR-00912,2024-09-12,0.83,2,7,2,1,2,2,1,1,4,117,56,1,4863.0,0,0,1,38,2024-10-20
DR-00913,2024-08-24,0.91,4,8,3,2,3,3,4,1,1,57,34,0,2999.0,0,0,1,106,2024-12-08
DR-00914,2024-09-05,0.9,4,5,2,2,2,2,4,1,4,102,23,0,8219.0,0,0,1,20,2024-09-25
DR-00915,2023-11-16,0.73,7,3,1,3,3,3,3,3,3,83,98,0,4566.0,0,0,1,98,2024-02-22
DR-00916,2025-11-24,1.01,6,9,1,1,3,3,2,3,2,26,19,1,1548.0,0,0,1,127,2026-03-31
DR-00917,2024-01-26,0.87,3,5,3,4,1,4,2,0,5,97,76,0,5781.0,0,0,0,705,
DR-00918,2024-02-18,0.85,10,5,3,4,2,4,2,1,2,79,88,0,1875.0,0,0,1,83,2024-05-11
DR-00919,2025-07-08,0.43,4,5,4,1,2,4,2,3,5,38,38,0,1659.0,0,0,1,47,2025-08-24
DR-00920,2025-07-17,0.72,4,5,2,1,1,2,2,1,4,26,59,0,5717.0,0,0,0,167,
DR-00921,2023-06-21,0.82,2,6,3,1,4,4,3,1,4,64,79,0,3907.0,0,0,0,924,
DR-00922,2024-09-15,0.7,2,2,2,2,2,2,1,1,3,69,47,0,11699.0,0,0,1,1,2024-09-16
DR-00923,2024-06-26,0.53,4,6,2,1,3,3,2,1,3,65,78,0,1902.0,0,0,1,112,2024-10-16
DR-00924,2025-02-21,0.59,5,3,3,2,2,3,3,1,2,39,10,0,4184.0,0,0,1,134,2025-07-05
DR-00925,2023-09-04,0.66,4,3,2,1,2,2,4,0,1,47,19,0,7160.0,0,0,0,849,
DR-00926,2023-11-26,0.71,4,9,4,4,3,4,2,1,1,76,75,1,1042.0,0,0,1,87,2024-02-21
DR-00927,2025-06-14,1.47,3,8,2,2,2,2,3,3,2,119,85,-1,9056.0,0,0,0,200,
DR-00928,2025-01-11,1.19,2,1,2,2,4,4,2,3,1,107,78,0,23278.0,0,0,0,354,
DR-00929,2025-06-12,0.91,3,5,1,1,2,2,2,1,2,114,75,0,9801.0,0,0,1,93,2025-09-13
DR-00930,2025-12-27,1.13,4,4,3,2,3,3,1,1,2,25,60,0,12872.0,0,0,1,49,2026-02-14
DR-00931,2024-03-15,1.48,3,2,1,1,1,1,2,1,2,87,17,1,45656.0,1,0,1,33,2024-04-17
DR-00932,2024-06-26,0.89,7,3,1,2,2,2,2,1,3,40,45,0,7577.0,0,0,1,76,2024-09-10
DR-00933,2025-02-27,0.55,5,7,3,1,2,3,1,1,4,44,57,1,1415.0,0,0,1,82,2025-05-20
DR-00934,2025-02-26,0.4,5,7,4,4,2,4,2,1,3,46,81,-1,640.0,0,0,1,72,2025-05-09
DR-00935,2023-09-15,1.32,4,5,2,1,1,2,1,1,4,67,38,1,15765.0,1,0,0,838,
DR-00936,2023-04-30,1.53,4,4,1,2,2,2,3,1,3,101,38,0,25586.0,1,0,0,976,
DR-00937,2025-03-30,0.37,3,4,3,3,2,3,3,1,2,101,21,0,2057.0,0,0,1,47,2025-05-16
DR-00938,2023-12-18,1.2,9,3,2,2,1,2,2,3,2,75,23,1,9640.0,0,0,0,744,
DR-00939,2023-02-24,0.9,5,3,4,4,3,4,3,1,3,36,14,1,6909.0,0,0,1,1,2023-02-25
DR-00940,2024-10-16,0.94,2,5,1,1,4,4,1,1,4,51,39,0,7674.0,0,0,1,23,2024-11-08
DR-00941,2024-05-16,0.82,6,5,1,1,2,2,2,2,2,113,15,1,5247.0,0,0,1,37,2024-06-22
DR-00942,2024-05-27,0.97,4,2,2,1,2,2,1,2,3,60,9,0,15547.0,0,0,0,583,
DR-00943,2023-06-27,0.72,5,5,2,1,2,2,1,1,3,42,79,0,4777.0,0,0,1,56,2023-08-22
DR-00944,2023-08-10,0.44,4,7,3,1,2,3,1,1,4,36,39,-1,1133.0,0,0,0,874,
DR-00945,2024-06-27,0.56,5,4,2,2,4,4,2,1,4,53,66,1,2667.0,0,0,0,552,
DR-00946,2025-02-23,1.08,2,1,2,2,2,2,2,0,5,85,99,1,28777.0,1,0,1,1,2025-02-24
DR-00947,2025-09-28,1.11,6,4,1,1,1,1,1,1,1,44,49,1,13457.0,0,0,1,43,2025-11-10
DR-00948,2025-11-16,0.29,4,5,1,3,2,3,3,1,3,67,11,0,1054.0,0,0,1,21,2025-12-07
DR-00949,2024-09-14,1.59,1,6,2,3,2,3,2,1,4,40,40,-1,16877.0,0,0,1,57,2024-11-10
DR-00950,2025-05-14,0.64,3,3,4,3,3,4,3,3,1,36,40,1,5251.0,0,0,0,231,
DR-00951,2024-10-07,0.76,2,6,3,3,1,3,1,1,5,97,64,-1,4312.0,0,0,1,99,2025-01-14
DR-00952,2024-03-28,0.23,3,5,1,1,2,2,3,1,4,58,70,0,973.0,0,0,1,98,2024-07-04
DR-00953,2025-09-05,1.09,7,3,1,2,1,2,1,1,3,45,10,1,11550.0,0,0,0,117,
DR-00954,2023-03-01,0.51,4,5,2,1,1,2,1,1,1,17,86,0,3318.0,0,0,1,87,2023-05-27
DR-00955,2023-03-08,1.21,5,4,4,2,2,4,3,3,1,104,33,0,9832.0,0,0,1,40,2023-04-17
DR-00956,2023-09-08,0.71,5,4,2,4,3,4,3,1,1,48,94,0,3868.0,0,0,1,112,2023-12-29
DR-00957,2024-08-16,0.79,4,3,1,2,3,3,1,3,5,45,44,1,7850.0,0,0,1,41,2024-09-26
DR-00958,2025-05-24,0.61,4,7,3,3,3,3,1,1,2,51,75,0,1921.0,0,0,1,151,2025-10-22
DR-00959,2025-09-04,0.7,6,6,1,2,1,2,1,1,5,56,45,0,2742.0,0,0,1,116,2025-12-29
DR-00960,2025-07-15,0.26,5,2,2,1,2,2,1,3,3,37,22,0,1401.0,0,0,1,24,2025-08-08
DR-00961,2024-07-04,1.14,4,4,2,3,1,3,1,1,3,45,63,-1,12035.0,0,0,1,111,2024-10-23
DR-00962,2025-01-16,0.56,4,9,1,1,1,1,3,2,2,71,42,1,1227.0,0,0,1,85,2025-04-11
DR-00963,2024-06-26,0.58,2,4,2,2,2,2,2,1,2,97,10,0,6321.0,0,0,1,1,2024-06-27
DR-00964,2025-04-03,0.5,3,7,2,2,3,3,2,1,2,99,7,0,1638.0,0,0,1,81,2025-06-23
DR-00965,2023-12-20,0.72,5,6,2,2,2,2,2,1,2,27,90,1,3425.0,0,0,1,7,2023-12-27
DR-00966,2023-12-01,0.42,3,5,1,2,1,2,1,1,4,19,41,1,2635.0,0,0,0,761,
DR-00967,2024-03-29,0.5,8,5,2,3,1,3,1,2,3,50,61,-1,1466.0,0,0,1,55,2024-05-23
DR-00968,2025-03-20,0.4,4,4,2,2,4,4,1,1,2,83,10,0,1721.0,0,0,0,286,
DR-00969,2023-05-10,0.63,3,5,2,1,2,2,1,1,3,60,53,-1,5106.0,0,0,1,80,2023-07-29
DR-00970,2025-08-12,1.17,1,4,2,1,2,2,1,1,1,27,15,0,21731.0,1,0,1,1,2025-08-13
DR-00971,2024-11-29,0.68,8,3,1,1,3,3,1,1,2,111,45,0,3622.0,0,0,0,397,
DR-00972,2023-09-22,0.37,6,5,3,2,2,3,2,1,4,16,82,0,1140.0,0,0,1,107,2024-01-07
DR-00973,2025-12-09,0.58,8,10,3,3,2,3,2,1,3,93,9,1,500.0,0,0,0,22,
DR-00974,2024-05-15,0.9,5,4,2,2,2,2,2,3,4,76,8,-1,8393.0,0,0,1,60,2024-07-14
DR-00975,2023-12-01,0.85,5,10,1,2,2,2,2,3,4,119,90,1,895.0,0,0,0,761,
DR-00976,2025-10-01,0.93,3,4,1,1,3,3,2,1,1,20,67,0,10036.0,0,0,0,91,
DR-00977,2025-10-11,1.79,4,2,2,3,2,3,1,1,2,21,80,0,38594.0,0,0,1,41,2025-11-21
DR-00978,2025-08-13,0.51,3,2,4,1,3,4,2,1,1,80,92,1,4255.0,0,0,1,31,2025-09-13
DR-00979,2024-12-01,1.04,4,6,3,1,2,3,3,3,3,19,70,0,5990.0,0,0,1,39,2025-01-09
DR-00980,2023-08-07,0.55,4,4,4,2,2,4,2,1,1,68,13,1,3019.0,0,0,1,91,2023-11-06
DR-00981,2025-09-07,1.21,7,6,3,4,1,4,3,3,1,79,53,0,4132.0,0,0,0,115,
DR-00982,2023-11-23,1.16,4,2,2,2,1,2,4,3,4,33,6,0,21943.0,1,0,0,769,
DR-00983,2023-05-25,0.68,5,1,3,1,4,4,2,1,4,29,79,1,5988.0,0,0,1,47,2023-07-11
DR-00984,2024-01-03,0.5,8,1,4,3,1,4,2,2,2,113,86,0,2416.0,0,0,0,728,
DR-00985,2025-12-13,0.83,5,5,4,1,2,4,1,0,2,33,62,-1,4104.0,0,0,0,18,
DR-00986,2023-09-29,0.4,2,3,3,2,2,3,3,1,2,23,50,-1,3285.0,0,0,1,30,2023-10-29
DR-00987,2023-01-07,0.37,3,4,1,4,1,4,2,1,1,65,74,1,1636.0,0,0,1,50,2023-02-26
DR-00988,2024-05-19,0.95,2,7,2,2,2,2,1,3,5,105,26,1,6232.0,0,0,1,1,2024-05-20
DR-00989,2024-02-15,1.12,1,2,1,1,1,1,2,3,2,71,13,-1,34561.0,1,0,1,12,2024-02-27
DR-00990,2025-07-02,0.72,3,2,2,3,2,3,2,1,1,55,66,1,9192.0,0,0,0,182,
DR-00991,2025-01-04,0.69,4,3,2,3,1,3,1,0,4,119,60,0,6710.0,0,0,1,58,2025-03-03
DR-00992,2024-02-25,1.01,6,2,4,3,4,4,3,1,2,61,94,1,7961.0,0,0,1,51,2024-04-16
DR-00993,2023-10-25,1.04,8,5,2,2,1,2,3,1,3,104,16,0,5902.0,0,0,1,112,2024-02-14
DR-00994,2024-03-23,1.02,5,4,3,3,3,3,3,1,1,77,99,0,9265.0,0,0,1,61,2024-05-23
DR-00995,2025-02-27,1.18,10,5,3,2,2,3,1,3,5,49,57,0,3826.0,0,0,0,307,
DR-00996,2024-11-01,0.55,8,5,2,2,2,2,2,1,2,72,28,-1,2071.0,0,0,0,425,
DR-00997,2024-07-06,0.91,4,7,3,3,1,3,3,2,1,47,5,1,3760.0,0,0,1,72,2024-09-16
DR-00998,2024-08-17,0.71,7,4,2,2,3,3,2,1,4,24,83,0,3532.0,0,0,0,501,
DR-00999,2025-07-20,0.56,6,5,3,2,4,4,1,1,1,40,12,0,1715.0,0,0,1,67,2025-09-25
DR-01000,2025-03-13,0.86,5,6,3,1,1,3,4,1,4,79,8,1,3595.0,0,0,0,293,
